image,dir_name,frame_id,calot_triangle,cystic_artery,cystic_duct,cystic_plate,gallbladder,tool,c1_rater1,c1_rater2,c1_rater3,c2_rater1,c2_rater2,c2_rater3,c3_rater1,c3_rater2,c3_rater3
5,55d06c35-50a5-429c-8e3b-6fc0367a8d0c,1350,0,1,0,1,1,2,0,0,0,0,0,0,0,0,0
7,734a474b-0a95-4857-83d7-9bc147068d13,1350,0,0,0,0,1,2,0,0,0,0,0,0,0,0,0
8,6d7d3e22-430a-41ee-aebd-82108e1971f9,450,0,1,1,0,1,1,0,0,0,0,0,0,0,0,0
14,4275fff7-cb6b-4bdf-a1ae-192632fbd505,2250,1,0,1,0,1,1,0,0,1,0,1,0,0,1,0
18,c89875f6-faa6-4bf8-8a11-d7689c315626,2250,1,1,1,1,1,3,0,1,1,0,1,0,0,0,0
19,9650c863-9b84-44d7-bce8-70f3e64677cc,1350,2,1,1,0,1,2,0,0,1,1,0,0,1,0,0
20,ffb030f0-3021-4fea-a463-88fc3ab0356e,1350,1,1,2,0,1,1,0,0,0,0,1,0,0,0,0
27,2a1112ea-2f75-46f7-8a9a-932126da97a4,2250,2,1,1,1,1,2,1,1,1,1,1,1,1,1,1
28,8e38a539-ff33-478a-a430-5c418b65d36f,1350,0,0,1,0,1,2,0,0,0,0,0,0,0,0,0
31,58ac0b43-6f71-4d65-a5d5-8d0ed1b0f241,2250,0,1,1,1,1,1,0,0,0,0,0,0,0,0,0
32,2eaf2852-fc08-43a0-b4dd-08a80d97fe9f,1350,1,1,1,0,1,1,0,0,0,0,0,0,0,0,0
34,cab291ca-b966-4393-a75c-a968af97e575,450,0,1,1,0,1,1,0,0,0,0,0,0,0,0,0
39,dc686863-0476-4e61-8df2-5648a912653b,2250,2,1,1,1,1,1,0,0,1,1,0,1,0,1,1
40,be66e940-060e-4457-8a46-710003f351c1,1350,0,1,1,0,1,2,0,1,0,1,0,0,0,0,0
41,ef1dd2dc-6a17-4f24-a502-42dfd5f1a56e,2250,0,0,0,0,1,1,0,0,0,0,0,0,0,0,0
42,12297a34-8ee2-45bc-b8b9-c1f6f8abe2ed,1350,1,0,1,1,1,1,0,0,0,1,1,1,1,1,1
43,7ef40c98-63be-4b2d-8ccf-a48070a61159,1350,0,0,1,1,1,1,0,0,0,0,0,0,0,0,0
44,58c19614-9009-425c-ad39-d3680ad7ecea,450,0,0,1,0,1,2,0,0,0,0,0,0,0,0,0
45,9ed8ab77-7914-47d5-b7eb-d1447a2d73d8,450,1,1,1,0,1,1,0,0,0,1,1,1,0,0,0
46,93d20286-f7fb-4123-9e48-c81f1144be16,1350,2,1,1,1,1,3,0,0,0,0,0,1,1,1,0
49,8d6dee02-0086-4ef1-8b59-20e25284e8b2,2250,0,1,1,1,1,1,0,1,0,0,0,0,0,0,0
52,a37fddf9-267f-410d-83bb-57e0604e8800,1350,0,0,0,0,1,2,0,0,0,0,0,0,0,0,0
53,b80b9831-de67-497e-8ce5-117f2abd6de9,1350,1,1,1,1,1,2,1,0,0,1,1,0,0,0,0
54,c1977fa8-8a9a-41af-97bf-e753c7a9106a,450,1,1,1,0,1,1,0,0,0,0,1,1,0,0,0
55,d9d0e694-87f7-4785-850f-09523ec0ce86,2250,1,1,1,1,1,2,0,0,1,1,1,1,1,1,1
58,5402a35b-815b-43c3-8643-371d188bbe88,1350,0,0,0,1,1,2,0,0,0,0,0,0,0,0,0
59,0f8aec4a-f5b0-475c-9f63-4ad7965b2b30,2250,2,1,1,1,1,2,0,1,0,1,1,1,0,1,1
60,237bf0e3-e707-49a4-b9f8-6909cdd25c6d,450,0,1,1,1,1,1,0,0,0,1,0,0,1,0,1
61,1a21b18b-1917-4fb1-afcf-b0bbbf77c593,2250,1,1,1,2,1,1,1,1,1,1,1,1,1,1,1
64,69cce7a5-dac8-43e7-9187-13473c7eaa8c,450,1,1,1,1,1,1,0,0,1,1,1,1,0,0,0
66,fe1d00ec-cbd6-4672-b819-3eaf507ec7c6,1350,0,1,1,0,1,2,0,0,0,0,0,0,0,0,0
69,86e7e339-7cbe-434d-bc22-281f93f4ed55,2250,1,1,1,0,1,0,0,0,0,0,0,1,0,0,0
71,45f5917f-0dd0-4d0c-a365-7d1971cb944a,450,0,0,0,0,1,2,0,0,0,0,0,0,1,1,0
72,9eb24edf-30ca-4cf0-a1bb-96442c067aa7,1350,0,2,1,0,1,1,0,0,0,0,0,0,0,0,0
75,689fa39c-0774-4ea9-b164-d7fdd9c85000,450,1,1,0,1,1,2,1,0,0,1,1,1,1,0,1
81,25bc7ee4-57c4-4db2-a028-d128aac63584,1350,0,0,1,0,1,2,0,0,0,0,0,0,0,0,0
83,e020e84c-b63a-400d-b078-c6834668a516,2250,1,1,1,0,1,2,0,1,1,1,1,1,0,0,0
87,d62068a7-4185-433e-a26a-dccb32607428,2250,1,1,1,1,1,2,1,1,0,1,1,1,0,0,0
92,2ef46155-df61-49b8-a849-f02f1d9f488c,450,1,1,1,0,1,2,0,1,0,0,1,0,0,0,0
95,8ffc0fc0-8054-4afd-aa1b-9e6d7bb22931,2250,0,0,1,0,1,1,0,0,0,0,0,0,0,0,0
96,804478fc-ae2a-4d3e-8e39-2867f3f7c37e,2250,1,1,1,0,1,2,1,0,0,1,1,1,0,0,0
97,1359e013-682a-43d3-b0ea-c5bedd28646f,1350,0,0,0,0,1,3,0,0,0,0,0,0,0,0,0
98,3e55b26a-6dbc-4388-a1b3-1af3db485f52,1350,0,0,1,1,1,2,0,0,0,0,0,0,0,0,0
102,f96fa12e-3731-4ff1-bea6-68691b9a34be,450,1,0,1,1,1,3,1,0,1,1,1,1,1,1,1
105,832c292f-81ba-44db-bb35-8de478de9253,2250,0,1,1,0,1,1,0,0,0,0,1,0,0,0,0
109,c79fd56f-7bb6-44f9-9d08-9d55e7a71987,450,0,0,0,0,1,2,0,0,0,0,0,0,0,0,0
111,6a7b1d7b-56e0-4500-8b8a-2c8295aa6556,450,0,1,1,0,1,2,0,0,0,0,0,0,0,0,0
113,cdb76e8f-7752-4e8a-b831-786ab8f94338,2250,0,0,1,0,1,2,0,0,0,0,0,0,0,0,0
114,fa0df440-c9de-43a7-adbd-b6546644e247,1350,1,1,1,0,1,0,0,1,1,0,0,1,0,0,0
115,ec5ba8b9-2b6c-4e01-a7d0-c5120ab8e860,450,1,1,1,0,1,2,0,0,0,0,0,0,0,0,0
116,1714e0f6-c7a4-4a81-930f-f1e2673b329d,1350,1,1,1,0,1,1,1,1,1,1,1,1,0,1,0
117,d711f0f3-1428-401e-9113-886a11f791c9,2250,1,1,1,1,1,1,1,0,1,1,1,1,1,1,1
118,6c86c2b8-f63f-4c43-8d53-6150f8815505,450,0,0,0,0,1,1,0,0,0,0,0,0,0,0,0
120,dc86e91d-545d-4678-8244-346897a2f08d,450,0,0,1,1,1,1,0,0,0,0,0,0,1,0,0
121,400157be-6378-4ce5-bcf5-cb7c71c1b377,450,2,1,1,1,1,2,0,0,1,0,0,1,0,1,1
124,0201d517-eb3a-4647-b501-17fe16591721,1350,2,1,1,0,1,3,0,0,0,1,0,0,0,0,0
126,11990320-218b-492a-8991-f64a1861d5e7,1350,0,0,1,0,1,1,0,0,0,0,0,0,0,0,0
127,6e9df5e0-ff85-4494-a56e-2ab21b3b283d,2250,0,1,1,0,1,1,1,1,0,0,1,0,0,0,0
128,b20ec270-2b70-496f-90cf-ec7bd0a9aee2,450,0,0,1,1,1,1,0,0,0,0,0,0,1,0,0
130,9003aa94-fed2-46ef-a839-38bfde35ccc4,450,0,1,1,1,1,2,0,0,0,0,0,0,0,1,1
132,08a82244-1066-4013-af22-1e234bc560c8,2250,0,0,1,0,1,3,0,0,0,0,0,0,0,0,0
133,bafa5371-cb47-465b-b3fa-bc58c49501bf,450,1,0,1,1,1,2,0,0,0,0,0,1,1,1,1
137,94ea1bf4-5970-46cc-a909-d1088779e5b7,2250,2,1,1,1,1,1,1,1,1,1,1,1,1,1,1
138,c1e9f950-6351-4f7b-a6b4-f32392fb553d,450,0,0,1,0,1,3,0,0,0,0,0,0,0,0,0
143,d41dd67c-575e-473c-9343-32fc2e8787ed,2250,0,0,0,0,1,2,0,0,0,0,0,0,1,0,0
147,cef2665a-0e04-4091-992d-41fc75e6e543,450,0,0,1,0,1,4,0,0,0,0,0,0,0,0,0
148,2675e2cb-3f77-4fec-b430-37152e22839f,1350,0,1,1,0,1,2,0,0,0,0,0,0,0,0,0
150,cd293186-665a-45f5-94ac-a8a47f2f5f37,1350,0,1,1,0,1,0,0,0,0,0,0,0,0,0,0
153,56ddcbc0-2eac-4f6b-8bd9-17a32d47ba04,1350,1,1,1,0,1,1,0,0,0,0,1,1,0,0,0
156,ed8d0ab6-9125-43cb-bcba-66f3618386b9,1350,1,1,1,0,1,1,0,0,0,1,0,0,0,0,0
157,e0b5ba83-bc16-4440-9801-8576f944261e,2250,0,0,1,0,1,1,0,0,0,0,0,0,0,0,0
158,81496818-ac85-4843-9d0c-7eeff956282e,1350,1,1,1,0,1,2,0,0,0,1,1,1,0,0,0
161,24b701a0-f22d-4cba-9871-fab47bd18347,1350,0,0,1,0,1,2,0,0,0,0,0,0,0,0,0
162,072e17c9-3c0b-4784-86dd-6148d5f2f8a9,2250,0,1,1,0,1,2,0,0,0,0,0,0,0,0,0
164,eef296c0-b560-4136-a18c-315e9c06033a,450,0,1,1,0,2,2,0,0,0,0,0,0,0,0,0
166,9765d1f4-08bf-43a3-8395-e45e6a77eee6,450,0,0,1,0,1,1,0,0,0,0,0,0,0,0,0
167,7ceab1ce-c81c-4039-935a-a40fdbaaa32f,450,1,1,1,0,1,1,0,0,0,0,0,0,0,0,0
168,40b45b2a-840d-47e8-ba09-bd9fa57e0f4b,2250,2,1,1,1,1,1,1,0,1,1,0,1,1,1,0
169,ff491313-24aa-46b8-b42b-e50e8dfaeef2,450,0,0,1,0,1,1,0,0,0,0,0,0,0,0,0
172,b1d52d6c-6971-4d42-8c88-048387c94e8e,2250,0,0,0,0,1,1,0,0,0,0,0,0,0,0,0
174,18a8a2b0-2f89-4dd2-9794-bdd64e6b1e36,2250,1,1,1,1,1,1,1,0,1,1,0,1,1,0,1
175,42339d79-49a6-42c6-b390-d7c3ee506623,2250,0,1,1,0,1,1,0,0,0,0,0,0,0,0,0
176,48757974-d936-4ce5-9ef9-e7ec3b7416ed,450,0,0,0,0,0,1,0,0,0,0,0,0,1,0,0
177,bdd49c1e-21eb-4b03-86fa-e0f52d858332,450,1,1,1,0,1,3,0,0,0,1,1,0,0,0,0
179,1ab35553-9d4c-445f-8c72-7876e8aa5a2d,1350,1,0,1,1,1,3,0,0,0,1,1,1,1,1,1
180,b3640770-c1b7-4dd2-bc28-0fc410708043,1350,1,0,1,0,1,1,0,0,0,0,1,1,1,0,0
182,2c2d4b55-ab84-453c-ab24-30862701a0d9,450,1,1,1,0,1,1,0,0,0,0,0,0,0,0,0
187,ceea084f-34b3-4781-b67c-2c2055986a30,1350,0,0,0,0,1,1,0,0,0,0,0,0,0,0,0
188,9e577c70-b5fd-4390-83e3-bdec0ff42dfe,1350,0,0,0,1,1,1,0,0,0,0,0,0,0,0,0
189,32d1cf3d-5be0-46cc-9c79-89a812b6b669,1350,0,0,0,0,1,2,0,0,0,0,0,0,0,0,0
191,ba9c89c7-39f0-4d2c-af3e-3c56d31d9e92,450,0,0,1,1,1,1,0,0,0,0,0,0,0,0,0
192,a46b82c2-689e-486f-aca3-fdd0a17fd9f6,1350,1,1,0,0,1,2,0,0,0,0,0,0,0,0,0
194,05d8d11b-0919-43e3-b346-88a5187dc3ac,2250,0,0,0,0,0,1,0,0,0,0,0,0,0,0,0
196,4efbeed8-c8a5-4b9e-9f6a-608ed973dd9a,1350,2,1,1,0,1,1,1,1,1,1,1,1,1,1,1
197,73dfc31b-46ce-4c09-88a6-7f204b1bd7e0,450,1,1,1,0,1,1,0,0,0,0,0,0,0,0,0
201,ceb2c21e-417f-4d44-906a-98d00559039a,1350,1,1,1,0,1,1,0,0,1,1,1,1,0,0,0
205,ea4f9493-def4-4bde-9043-a0a6917e59dc,450,1,1,1,0,1,0,0,1,0,1,1,0,1,0,0
208,de76ea00-8b35-43f4-9e73-4a01d4f7afe0,1350,0,0,1,0,1,1,0,0,0,0,0,0,0,0,0
210,4dc7bcad-a24d-4ca4-8ea0-5e068373e1aa,2250,1,1,1,1,1,1,1,0,0,1,0,0,0,0,0
211,e410536b-266c-4654-89f1-803405992f1a,2250,0,0,1,1,1,2,0,0,0,0,0,0,0,0,0
212,7de4cbf6-6a27-43b6-9e90-2ba749e77933,2250,1,1,1,0,1,0,1,1,1,1,1,1,1,1,0
218,05d85dd3-63bf-4baa-ac7b-eb5e3c3ca88a,450,2,1,1,0,1,2,1,0,1,1,1,1,0,0,1
219,79cd7c33-57c4-4f42-a1d2-bb04add49114,2250,2,1,1,1,1,3,1,1,1,1,1,1,1,1,1
222,be9eae04-b917-4c28-ae49-c8db8eb4bccd,450,0,1,1,0,1,2,1,0,0,1,0,0,0,0,0
230,b8249b41-69f1-4bf7-bf71-f9361b1a09be,450,1,0,1,1,1,2,0,0,0,1,1,1,0,0,0
231,18931fed-2f4a-4736-b6ab-3e6579d1070f,450,0,0,0,0,1,3,0,0,0,0,0,0,0,0,0
235,295b6cf8-5725-49ed-8ffc-8e49dc5b7428,450,0,1,1,0,1,3,0,0,0,0,0,0,0,0,0
237,1b62c828-4f85-4343-9911-cc0bf6d39669,2250,0,0,0,0,1,3,0,0,0,0,0,0,0,0,0
240,79a86e4c-0eae-49ab-b124-8355d350b6d6,450,0,1,1,0,1,1,0,0,0,0,0,0,0,0,0
243,95198112-4969-4d21-9b98-9b890b821e67,450,1,1,1,1,1,2,0,0,0,0,0,1,0,0,1
247,8d9fbce4-294e-4b0b-ad22-b0af27f68e63,2250,0,1,1,0,1,2,0,0,0,1,0,0,0,0,0
250,f32ec0ed-0c36-4a1b-9757-4b98715649f9,2250,2,1,1,1,1,1,1,0,0,0,0,0,0,0,0
251,356ba2fc-b359-4e7d-9482-f6965b797465,450,1,1,1,0,1,2,1,0,0,1,0,0,0,0,0
254,2c9ea3f9-fb57-4c39-9a62-8eeb4ce9da23,450,0,1,1,1,1,2,0,0,0,0,0,0,0,0,0
256,5d910be8-a8a9-41d3-931d-1909e00210bc,2250,1,1,1,1,1,1,0,0,0,1,0,1,1,0,0
257,7970a771-5a5c-46be-a1ea-3fe93a0c7ffc,2250,0,0,1,0,1,1,0,0,0,0,0,0,0,0,0
262,2f86f8ea-7027-4c2c-a09c-a9f40ad4931e,2250,0,1,1,0,1,2,0,0,0,0,0,0,0,0,0
264,244b31a4-7cfa-41da-9576-7931d3f367b4,450,2,1,1,1,1,2,1,0,0,1,0,0,1,0,1
268,1b950271-8237-4878-a8ed-3c0954543e0e,2250,1,0,1,1,1,1,1,0,0,1,1,1,0,1,0
269,859d60e4-9c07-41fa-811e-954dfa080e4e,450,0,1,1,1,1,2,0,0,0,0,0,0,0,0,0
270,ad633603-42a1-4dea-a6a5-9b173c1cdc5d,2250,0,1,1,1,1,1,0,0,0,0,0,0,0,0,1
273,11bd47b6-c7d0-4d2a-ba8b-0db5446112c9,2250,1,1,1,0,1,1,0,0,0,0,0,0,0,0,0
274,38633817-9e70-42cc-bf63-c2f926d0a4c9,1350,0,0,0,0,1,1,0,0,0,0,0,0,0,0,0
276,1744e28b-3649-49bc-bdbe-d79bcba09ce7,450,0,0,0,0,1,2,0,0,0,0,0,0,0,0,0
280,9d6c72ee-c893-4131-8ea7-7b23562bdc4d,1350,1,1,1,1,1,2,1,1,1,0,1,1,1,1,1
284,fa74bcf3-9a4f-4748-824d-fb5fafac1392,1350,1,1,1,2,1,2,0,1,0,1,1,1,0,0,0
285,8a6e410f-5698-4023-8674-ac1279f2a6dc,450,0,0,1,0,1,2,0,0,0,0,0,0,0,0,0
286,0c971dea-5e41-4809-8268-d1c2f9ccfa5e,2250,1,1,1,2,1,1,1,1,1,1,1,1,0,0,1
287,90017754-fb50-4882-8598-6a83f09dcc76,2250,1,1,1,0,1,2,0,0,1,1,1,1,0,0,0
292,93752afe-2321-439f-8cda-94593b6b814a,1350,0,0,1,0,1,2,0,0,0,0,0,0,0,0,0
297,36f27b43-4894-43ad-b2de-4c3d9b1ba079,1350,0,0,1,0,1,3,0,0,0,0,0,0,0,0,0
299,c0ddb3f3-581a-4334-a15b-248ae1db73ff,1350,1,1,1,0,1,0,0,0,0,0,0,0,0,0,0
301,bb43d655-564c-4ad4-a5c0-c75e96216bb9,2250,1,1,1,0,1,2,1,1,1,1,1,0,0,1,0
302,0db20e9a-96fa-47a4-a4a3-f5fa05f9eec7,450,2,1,1,0,1,2,1,0,0,1,1,0,0,0,0
304,e43e6812-ec5c-4a82-b00a-38fd6140b028,1350,0,1,0,0,1,2,0,0,0,0,0,0,0,0,0
305,300070d3-b346-407d-970e-4615a3f1ef24,2250,2,1,1,1,1,1,1,1,1,1,1,1,1,1,1
308,e99dfa2a-f932-4d3d-b014-340b768ec7d0,1350,0,0,1,0,1,1,0,0,0,0,0,0,0,1,0
309,b3061d6f-2a89-4e4e-9199-ab6f5dd9115f,1350,0,1,1,1,1,2,1,0,0,0,0,0,0,0,1
313,7961ae63-a098-418c-aabb-a8c308a7e222,2250,1,1,1,0,1,1,0,0,1,1,0,1,0,0,0
315,dca4e24f-79bc-4edf-8898-750f6121e476,2250,1,1,1,1,1,0,0,0,0,0,0,0,0,0,0
320,f72bed0b-0776-4dbf-9eb1-f9a605700867,2250,1,1,0,0,1,3,1,0,0,1,0,0,0,0,0
322,43df8e41-b23f-4421-9ac4-f000805e84d4,1350,1,1,1,0,1,2,0,0,0,1,1,0,0,0,0
328,f51f1b6f-d527-46c1-902b-9e89397c864c,1350,1,1,1,2,1,3,0,0,0,0,1,1,0,0,0
329,0c3b1b9c-e769-4ae8-924d-b5c4686ecae1,1350,0,1,1,0,1,1,1,0,0,0,0,0,0,0,0
330,d594267a-67fb-40e2-86ff-416fa95c47ee,450,0,1,1,0,1,2,0,0,0,0,0,0,0,0,0
331,7972c1f6-b308-477c-8f97-0f68f9cece84,1350,0,0,1,0,1,2,0,0,0,0,0,0,0,0,0
332,e43f7b5d-d5fe-4d6e-af35-c8849475bb5e,450,1,1,1,0,1,1,0,0,0,0,0,0,0,0,0
336,936787bf-1d15-4daf-be86-b33ee79374c6,1350,2,1,1,0,1,1,0,1,0,1,1,1,1,0,0
337,43f72486-dc6d-4914-acc4-c1cb5b589bf4,450,1,1,1,1,1,1,0,0,0,1,0,0,0,0,0
340,485a0427-dc1a-4cb1-831c-a88975a6ad32,1350,0,0,0,0,0,3,0,0,0,0,0,0,0,0,0
342,79b1e745-0fc7-45e0-8159-bcc027cc6db8,1350,2,1,1,0,1,2,1,1,1,1,1,1,1,1,0
345,5f27d94e-c985-470d-bdb0-86b9b5b9d3f2,1350,0,0,1,0,0,1,0,0,0,0,0,0,0,0,0
347,11c25dbc-d76e-4162-82b8-69f36e04fc26,2250,1,1,1,0,1,2,0,0,0,0,0,0,0,0,0
348,08d2c649-ba2a-4c17-96ea-133647922df7,450,0,1,0,0,1,2,0,0,0,0,0,0,0,1,0
349,39ab53ee-be27-4a9a-8d30-845fde6ea270,2250,0,0,0,0,0,2,0,0,0,0,0,0,0,0,0
352,494fdd09-f38d-4bb8-8266-730ac9b283d7,1350,0,0,0,0,1,2,0,0,0,0,0,0,0,0,0
357,c24ac8c5-eedf-41e6-88d0-4cdbe3e182e5,450,0,0,1,0,1,1,0,0,0,0,0,0,1,0,0
358,0c412c7e-887a-4b63-bbdf-0382db856853,450,0,0,1,0,1,2,0,0,0,0,0,0,0,0,0
361,dd0e0aea-dc22-4ca6-bfc6-88a6285ab832,2250,0,0,1,0,1,1,0,0,0,0,0,0,0,0,0
368,6ed7d8e3-bf8d-44f1-b114-f247d8da0a91,450,1,1,1,0,1,1,1,1,0,0,1,0,0,0,0
370,32ce2f2e-9aaf-45fa-aea3-b84fdfc242ac,450,0,1,1,1,1,2,0,0,0,0,1,1,1,1,1
374,624e2713-d182-4b30-b409-7f71b8c9ec04,2250,0,0,1,1,1,2,0,0,0,0,0,0,0,0,0
377,4329e8bc-b071-477d-9b4b-616e7a320a07,2250,1,1,1,0,1,3,1,0,1,1,1,1,0,0,0
379,a7e91aec-468b-4ebc-96ce-d568461fc3ad,450,1,1,0,1,1,1,0,0,0,0,0,0,0,0,0
380,3e7c8b66-eb04-46da-a110-2e8fe66d25d2,2250,2,1,1,1,1,3,0,1,0,0,1,0,0,1,1
381,05bea8b2-2297-4214-a81a-ec946622c84e,450,0,1,1,1,1,2,0,0,0,0,0,0,0,0,0
383,4b4d1348-6a04-4dac-a370-67efc48737c1,2250,2,0,1,2,1,0,0,0,0,1,0,0,1,1,1
389,dda2c8eb-e0db-4b70-a8cd-a3af652c2208,2250,1,1,1,0,1,1,0,1,1,1,1,0,0,0,0
393,4443a680-b365-43f7-a28d-3d18691acf98,2250,0,0,1,0,1,2,0,0,0,0,0,0,0,0,0
394,ba4ad6ea-797a-451a-84f4-9aa69fac7835,1350,0,1,1,1,1,2,0,0,0,0,0,0,0,0,0
395,8dea838a-d561-4467-82dc-2fd80408fea4,450,0,1,1,0,1,1,0,0,0,0,0,0,0,0,0
397,27a098bb-ff8c-4be9-86f3-b28f4369d86a,450,1,1,1,1,1,2,0,0,0,0,0,0,0,0,0
398,a43a2c58-fdbf-463f-a6ad-a0d3d3b0c17d,1350,1,1,1,0,1,3,0,0,0,0,0,0,0,0,0
399,661d4e2b-3af9-42be-9fa4-35264112482d,1350,1,1,1,1,1,3,0,0,0,0,0,0,1,1,0
400,0dafe0b6-c741-482c-b416-341ad6875059,1350,0,0,0,0,0,0,0,0,0,0,0,0,0,0,0
403,a60c1922-71e9-49c4-8dcd-5ec66835cd71,2250,1,1,1,1,1,3,1,1,0,1,1,0,1,1,1
406,b9bcf032-f2ac-4733-adb7-56d2c302d622,2250,2,1,1,1,1,0,0,0,0,0,1,0,1,0,0
410,23234a3a-3c11-4666-95bd-38bf799f694c,2250,1,1,1,0,1,1,0,0,0,0,1,0,1,1,1
411,ccbe908a-9a4c-46e3-a929-68eee74007be,450,2,1,1,0,1,2,0,0,0,0,0,0,0,0,0
412,2e3f0fc9-9cbc-4b1e-8542-af593c4e7c58,450,1,1,1,0,1,3,1,1,1,1,1,1,0,1,1
413,976bdad8-5525-423d-b47b-e3402f099ce9,2250,2,1,1,0,1,3,1,1,1,1,0,0,0,0,0
416,a1c96bb1-8753-4409-9640-bc481d8f6546,450,1,1,1,1,1,0,0,0,0,0,0,1,1,0,1
417,93265f30-86e3-4754-8923-0269e0602f07,2250,0,1,1,1,1,4,0,0,0,0,0,0,1,0,0
418,e5e495cc-9f09-4821-ac93-7bccb535c08f,2250,0,0,0,0,1,2,0,0,0,0,0,0,0,0,0
419,9e8deeb4-7a9e-404f-9d9c-9b452eabba41,1350,0,0,0,0,0,1,0,0,0,0,0,0,0,0,0
423,73dca8d6-961d-4f49-a2e7-9f2eb59fc9e2,2250,0,1,1,1,1,0,0,0,0,0,0,0,0,0,1
424,0458c082-d317-4712-afc2-b87cac85a76c,2250,2,1,1,1,1,0,0,1,0,0,1,0,1,0,0
427,9ab6c7a4-ceb1-48b1-a866-f8cb6827490f,450,0,0,1,0,1,2,0,0,0,0,0,0,0,0,0
432,e8a3db1a-4e49-406d-8653-02e8ce8fbf1d,1350,3,1,1,0,1,1,0,0,1,1,1,1,0,0,0
435,27b0f44a-2a34-443c-ab30-4958f10c440a,1350,1,1,1,2,1,2,0,0,1,0,1,0,0,0,0
442,7a61c6ad-bf5f-4a2e-8719-f5ca0ba89751,450,0,0,1,1,1,1,0,0,0,0,0,0,1,0,0
445,e6093fb5-236f-4856-8321-3749229eabf9,2250,1,1,1,0,1,2,0,0,1,0,1,1,0,0,1
446,03924486-792a-4962-875a-ea8cae394940,1350,0,0,0,0,1,1,0,0,0,0,0,0,0,0,0
447,57db4f2f-69dd-44c5-80ef-b61f6e2ddb0a,1350,1,0,1,0,1,2,0,0,0,0,0,1,0,0,0
450,ef75769f-f13b-4660-9931-e81b38b5b0e7,1350,1,1,1,0,1,1,0,0,1,0,0,1,0,0,1
460,ce886165-b242-4d66-a366-463ba69b8677,2250,0,0,1,0,1,1,0,0,0,0,1,1,0,0,0
461,9ed97650-432d-471a-8bac-d3e3cc91e2ae,1350,0,0,0,1,1,1,0,0,0,0,0,0,0,0,0
465,925421af-7c79-4f7c-b573-48732718ebd1,1350,1,1,1,1,1,2,1,1,1,1,1,1,0,1,0
467,67e186bf-57fc-47c5-a7f0-8f274db0bb85,450,0,0,1,0,1,1,0,0,0,0,0,0,0,0,0
468,e3c4a031-dcb5-4657-9129-58a5ea080f8e,450,0,0,1,0,1,2,0,0,0,0,0,0,0,0,0
470,38598fe8-2a6f-4b61-9bd6-0b8e64c1c435,1350,1,0,1,1,1,1,0,0,0,0,0,0,0,0,0
471,f849dd05-9075-4066-aa52-0eb58d367d9f,2250,0,1,1,0,1,0,0,0,0,0,0,0,0,0,0
475,df84e848-ec8f-437e-9861-985982d23e7c,450,1,1,1,0,1,2,0,0,0,0,0,0,0,0,0
480,7cf9be19-3845-4969-bd42-96f8d043b476,450,1,1,1,0,1,1,1,0,0,1,1,1,0,0,0
483,66da8f12-f380-4093-8baa-0e5d6d262f91,2250,1,1,1,1,1,1,1,0,1,1,1,1,1,0,1
484,1ebd1fd6-d07e-4733-96b1-7b55242922c6,1350,0,0,1,0,1,0,0,0,0,0,0,0,0,0,0
485,4818c98f-6bb4-40d7-b8cc-3f50be176288,1350,1,1,1,2,1,2,0,0,1,1,1,1,0,0,0
486,b8f54785-b122-4fc8-9888-ca90d58f4087,2250,1,1,1,0,1,2,0,0,0,0,0,0,0,0,0
487,22900c6d-2267-4418-a3e0-c10e2c7ce3f6,450,1,1,1,1,1,2,0,0,0,0,0,0,1,0,0
489,7c5d1bf3-bc27-4f4e-aaad-614d965bc963,450,1,1,1,1,1,1,0,1,0,1,1,0,1,1,1
493,66fb4fd7-3a40-4f51-a699-eb27cb9b9e0a,450,1,1,1,1,1,1,1,0,1,1,1,1,1,1,1
494,6fd18c85-53a2-4dbc-903b-0420d89fa1e2,450,0,1,1,0,1,1,0,0,0,0,0,0,0,0,0
500,832e2a8a-4bb3-4fca-8d9f-40ad06cbb74f,450,1,1,1,1,1,2,0,0,0,1,0,0,0,0,1
507,66190e29-75cc-46d5-bc41-426ba1557f67,1350,1,1,1,1,1,2,0,0,0,0,1,1,0,0,0
511,201f5df5-1494-427c-9c33-ab61ed44307c,450,2,1,1,1,1,3,0,0,0,0,0,0,0,0,0
516,dd250d91-348b-42c1-a558-3a1cd5c56d65,1350,1,1,1,1,1,2,1,1,1,1,1,1,1,0,1
518,2f7a46e7-7c08-4c26-a7cf-b2b2c23d2cbf,450,0,0,1,0,1,2,0,0,0,0,0,0,0,0,0
519,6c860701-3ace-43fd-97f3-f36bf646170e,450,2,1,1,1,1,2,0,0,0,1,0,0,1,1,1
529,1ef5c6c1-b147-4577-8fc1-6bde36e390b7,1350,1,1,1,0,1,3,0,0,0,0,0,0,0,0,0
531,943ee592-96cd-4819-b464-0cc0fe4b6da1,2250,1,1,1,1,1,1,0,0,0,1,1,1,1,0,1
533,04494f35-2388-4664-a8c0-11c857d1ce0a,2250,2,1,1,1,1,2,1,0,0,1,0,1,1,1,1
535,9963cc46-f496-449f-aa75-96f15476b4d0,450,2,1,1,0,1,1,0,0,0,0,1,0,1,0,0
536,8d9db831-c203-4129-8dc9-420e5a0d4af8,2250,0,0,0,0,1,0,0,0,0,0,0,0,0,0,0
537,8b0c3e3e-b2db-44a3-9bcf-7d960092fece,450,0,0,1,1,1,1,0,0,0,0,0,0,0,0,0
540,e1bdfdd1-a154-4c27-bdb9-961951a865e0,450,2,1,1,0,1,2,0,1,1,1,1,1,0,1,0
541,c1c3b798-6f69-4f4c-bf44-8ea144accfd7,2250,0,0,1,0,1,2,0,0,0,0,0,0,0,0,0
542,2213ce23-e913-4801-8bf8-a607bad4ea40,1350,0,1,1,0,1,2,0,0,0,0,0,0,0,0,0
545,132446a9-df39-4567-879c-4e05dcbc437b,2250,1,0,1,0,1,2,0,1,0,1,1,1,0,1,1
546,087bff72-3e67-48cb-8b2c-a08f5b018ca1,1350,0,0,0,0,1,3,0,0,0,0,0,0,0,0,0
548,ad832d28-1cc6-4454-86d4-cdabaaeb8cd9,2250,1,1,1,0,1,1,0,0,0,0,0,0,0,0,0
549,60d20abe-d7c2-4edd-9bd2-90f47d86aba9,2250,0,1,1,0,1,1,0,1,1,0,0,1,1,0,0
551,90c8da57-6ab0-4147-b789-b01a4473cbac,450,1,0,1,0,1,2,0,0,0,0,0,0,0,0,0
555,aae3251c-42ed-41fc-bf5d-f9b32d4f533e,2250,1,1,1,0,1,1,0,0,0,0,0,0,0,0,0
556,f598ad83-a349-4e32-9026-74c67907730f,450,0,1,0,0,1,2,0,0,0,0,0,0,0,0,0
563,d171f114-19ac-4e30-b24e-ea8015e90bab,2250,1,1,1,0,1,1,1,1,0,1,0,0,1,0,0
566,87f8dc42-1df8-410b-a820-981b641bc785,1350,0,0,0,0,1,2,0,0,0,0,0,0,0,0,0
568,ce194491-81c4-4dd6-a747-10d28c8a8209,1350,0,0,1,0,1,2,0,0,0,0,0,0,1,0,0
575,65f79229-7500-4fd8-8cfe-9e8b37a48356,450,0,0,1,0,1,2,0,0,0,0,0,0,0,0,0
576,1abf405b-7a17-428e-97bd-652767056540,450,0,1,1,0,1,2,0,0,0,0,0,0,0,0,0
577,ddbd6210-5ad9-4b11-9552-2608ba613f6c,2250,2,2,1,0,1,1,0,0,0,1,1,0,1,1,1
578,32e36354-474f-4cf8-91c2-a9f6a94e45f3,2250,0,0,0,0,1,2,0,0,0,0,0,0,0,0,0
581,4e105d98-ccc7-4f10-8142-1dbba0d5ec55,1350,0,0,0,0,0,1,0,0,0,0,0,0,0,0,0
582,7113d80b-b4ea-45b2-902c-ac40269269bf,450,0,0,0,0,1,1,0,0,0,0,0,0,0,0,0
583,baa2fd8e-a608-4efc-b30d-9d58d450f276,2250,1,1,1,1,1,2,0,0,0,1,0,0,0,0,0
584,2c7f542a-3682-4c22-93cd-24c0b1be64b5,450,0,0,0,0,1,2,0,0,0,0,0,0,0,0,0
585,039ea194-2780-46f3-82bb-c48551d74dc1,1350,0,0,1,1,1,1,1,0,0,0,0,0,0,0,0
587,15c0e57a-97d2-4add-8404-063e3747cd47,1350,0,1,1,1,1,1,1,0,0,0,0,0,1,1,0
591,c87a0ae2-db1f-4188-a209-68414d0e8369,450,0,0,0,0,1,1,0,0,0,0,0,0,0,0,0
592,093fac86-0ee4-44e1-9b8d-b7799071763b,1350,0,1,1,1,1,1,0,0,0,0,0,1,0,1,1
594,33c418a0-e77b-46b2-9bf0-ae3daf4e4f89,1350,0,0,1,0,1,0,0,0,0,0,0,0,0,0,0
599,cc930c26-ddf7-44de-8c33-c119904e04ef,450,2,1,1,1,1,2,1,1,1,1,1,1,1,1,1
600,8e1f02f5-e550-4dd5-92db-ec3c32282657,2250,1,1,1,1,1,2,0,0,0,1,1,1,1,0,0
601,bf96b92f-661c-4177-b739-cda1cfb870c3,1350,0,0,1,0,1,1,0,0,0,0,0,0,0,0,0
602,41455b82-4637-4604-b632-2a94a2921e81,2250,0,1,0,0,1,1,0,0,0,0,0,0,0,0,0
604,44b4fda7-a112-4998-9486-31f5279479fb,1350,2,1,1,0,1,2,1,0,0,1,1,0,0,0,0
605,7a66f13d-e43c-4868-990b-505658536548,450,0,0,0,0,1,1,0,0,0,0,0,1,0,0,1
608,5d82c782-7862-450e-8e60-906b9a4290b0,450,0,0,1,0,1,2,0,0,0,0,0,0,0,0,0
609,5bc20be8-32fb-4fe9-b5b8-256248c79ef1,2250,0,0,0,0,1,1,0,0,0,0,1,0,0,0,0
611,15fbab7a-00c7-4b1f-b55f-70c0a34728f0,450,0,0,1,0,1,2,0,0,0,0,0,0,0,0,0
612,cbaf49aa-25e7-4057-8e2c-bcd82d9fcfe7,450,1,1,1,0,1,2,0,0,0,0,0,0,0,0,0
613,f1eabb0e-2514-43ae-9cd8-80c8b2c7c367,1350,1,0,1,1,1,2,0,0,0,0,1,0,1,1,1
614,2da052f3-06e9-4839-8dae-7fd5c4ad92e4,2250,0,1,0,0,1,1,0,0,0,0,0,0,0,0,0
616,da2d6116-2aaa-4f92-b376-feb283a6dfc8,2250,0,0,1,0,1,2,0,0,0,0,0,0,0,0,0
618,99681ba2-e748-4ae7-925a-ed7ed9c03f88,2250,1,1,1,1,1,0,1,1,1,1,0,1,0,0,0
619,459a7ce9-3aa1-4046-8390-327e12b2f83b,1350,2,1,1,0,1,2,1,1,1,1,1,1,1,1,1
622,09e32d2c-58c2-426c-b4f2-e8f5d4fd24c0,2250,0,1,1,0,1,3,0,0,0,0,0,0,0,0,0
625,3b9750a1-98c5-4879-a62a-595311c7ab95,450,1,0,1,0,1,1,0,0,0,0,0,0,0,0,0
626,ec840dd1-33ea-4223-a204-6ec018d18b76,450,0,0,1,0,1,2,0,0,0,0,0,0,0,0,0
627,53c2b11d-d7e0-4870-829b-1d825626d9a1,2250,0,1,1,0,1,2,0,0,0,0,0,0,0,0,0
628,66f83c08-67a7-4708-98a9-5eea5eaf25ef,2250,2,1,1,1,1,2,1,1,1,1,1,1,1,1,1
631,e451b190-0938-43b3-bdfc-a4916a3b5749,2250,2,1,1,0,1,0,0,0,0,1,0,0,0,0,0
635,f32d0fc8-d252-4351-8217-afdc2a75dfb9,1350,1,1,1,1,1,2,0,0,0,0,0,0,1,0,1
636,f7de3167-dab9-4300-9b91-5744698d9b72,1350,1,1,1,0,1,2,0,0,0,0,0,0,0,0,0
637,5044158e-9913-4afa-8c44-40e22d3a65a0,450,0,0,0,0,1,2,0,0,0,0,0,0,0,0,0
638,dc729cc3-d388-44b9-8bd4-90b959827e79,450,0,0,1,0,1,2,0,0,0,0,0,0,0,0,0
641,57aa1055-0998-43bf-b7bb-bd7521c68449,2250,0,1,1,1,1,1,1,0,1,0,0,0,0,0,1
646,f75bf5b5-9705-4198-912e-75facae8ec26,1350,0,0,0,0,1,1,0,0,0,0,0,0,0,0,0
648,19248053-3248-4b61-b4a0-bc8ae88b34e0,2250,1,1,1,0,1,2,0,0,0,0,0,1,0,0,0
652,cc326809-6284-4359-84a7-386e23b1ba5a,1350,0,0,0,0,1,1,0,0,0,0,0,0,0,0,0
654,bfc3e1e3-5625-4dc5-bcbc-9480345ef936,1350,0,1,1,1,1,3,0,1,0,1,1,0,1,1,1
657,30a49539-5226-4758-aa16-22ccd48be79c,1350,0,0,1,0,1,2,0,0,0,0,0,0,0,0,0
658,86510e43-5081-4ed2-aa7f-6a7463b9d808,2250,0,1,0,0,1,1,0,0,0,0,0,0,0,0,0
660,dde3e169-b79b-45ef-aec1-f7a768165e70,1350,0,0,0,0,1,2,0,0,0,0,0,0,0,0,0
661,8c8b8b8a-eb0a-4c33-9975-6f43df4d582c,1350,0,0,1,0,1,1,0,0,0,0,0,0,0,0,0
664,cc093320-ffc7-4f6b-bb65-116836d8a7af,1350,0,0,0,0,1,2,0,0,0,0,0,0,1,0,0
666,4594b6d0-8a8c-4270-96b8-b8a126af1ce2,1350,1,1,1,0,1,1,0,0,0,1,1,0,0,0,0
668,c5144dc1-086e-4d62-8965-cd67091e0986,2250,0,0,0,0,1,1,0,0,0,0,0,0,0,0,0
669,c3dd844f-741f-4a82-9052-597332abea25,1350,1,1,1,1,1,2,0,0,0,0,0,0,0,0,0
671,f2b04c36-ca9e-4ecd-bccf-47403170c128,450,0,0,1,0,0,1,0,0,0,0,0,0,0,0,0
676,3b333490-f68d-4a7c-9e38-14c621da1c85,450,1,1,1,0,1,2,0,1,1,0,0,0,0,0,0
678,bb80fdda-f280-46af-823c-3cf4dcf59fad,2250,0,0,1,0,1,2,0,0,0,0,0,0,0,0,0
683,afb55d9b-17cd-4f4f-8e19-55366888125e,2250,2,1,1,0,1,2,1,0,1,1,0,0,1,0,0
684,3bc9d7fa-a9d3-4d67-b898-90c43cb20ce4,450,0,0,1,0,1,1,0,0,0,0,0,0,0,0,0
686,eb245536-b595-4473-ac56-244b18de9ec5,2250,0,0,1,0,1,1,0,0,0,0,0,0,0,0,0
689,9b1d0352-e72a-4ea4-9d78-5f562855066a,450,0,1,1,0,1,0,0,0,0,0,0,0,1,0,0
694,63212277-adde-410f-b5be-fac0c468495d,450,0,1,1,0,1,0,0,0,0,0,0,0,0,0,0
695,faf75f60-7164-4bff-bb98-c72d48ccf8ff,450,0,0,1,0,1,1,0,0,0,0,0,0,0,0,0
699,6324a17a-9631-4d54-ba78-137b134b91b8,1350,1,1,1,0,1,2,0,0,0,0,0,1,1,1,0
701,1f5bf6e3-25fb-4d06-aa97-2aa11c9f5378,450,1,0,1,1,1,1,0,0,0,0,0,0,0,0,0
705,1ab04e5a-1f41-4143-8a23-4fbb24a0a7f4,1350,0,0,0,0,1,3,0,0,0,0,0,0,1,0,0
706,d4cc576b-51ca-4a9e-81c2-ec28a560003b,1350,0,0,0,0,2,2,0,0,0,0,0,0,0,0,0
707,14b7d2b6-e551-4a4d-ad74-39021bb85d1b,450,1,1,0,1,1,2,0,0,0,1,1,1,0,0,0
708,7b086955-1008-43fd-877e-9c4dc49c252a,1350,1,1,1,2,1,2,1,1,1,1,1,1,0,1,1
710,b0fb35f6-83e2-47e9-8f26-372298df0620,450,0,0,1,0,1,2,0,0,0,0,1,0,0,0,0
713,f54dc2ab-26d5-48b9-84ce-898da4b6a91d,1350,0,0,0,0,1,3,0,0,0,0,0,0,0,0,0
714,d08d48e7-d567-426b-a65d-65f9c858ca8f,1350,1,1,1,0,1,2,0,0,1,1,1,1,0,0,0
716,e28913db-5735-4d38-a34b-c36b3e99fdf5,1350,2,1,1,0,1,2,0,0,0,0,0,0,0,0,1
717,831c0766-40f9-47dc-b7c3-8cdcb243426a,2250,0,1,1,0,1,0,1,0,0,1,0,0,1,0,0
718,6a216993-dd52-4781-81b9-86458a95e94d,1350,0,0,1,0,1,1,0,0,0,0,0,0,0,0,0
726,f6ff0e26-d49d-435f-836a-dba3708f3c41,1350,1,1,1,0,1,1,0,1,1,1,0,1,0,0,0
727,2053a8d2-f1e8-4422-bbe0-3d01bb5c3d92,1350,0,1,1,0,1,2,0,0,0,0,0,0,0,0,0
728,efd55a54-f202-41e3-ae11-91bebff1e9fb,1350,0,1,1,1,1,1,0,0,0,0,0,0,1,0,0
729,902eacf9-cd85-48ff-95ce-d7c1ee05cd9e,1350,1,1,1,0,1,1,1,1,0,1,1,1,1,0,0
730,e53f76df-2758-4172-9989-867715403365,2250,1,0,1,0,1,2,0,0,0,1,1,1,0,0,0
731,341cb738-ec33-4a06-89b3-2225304a132a,1350,0,0,0,0,1,1,0,0,0,0,0,0,0,0,0
739,d226b790-43fc-4679-8b98-bba101b1cbd0,450,1,1,1,0,1,1,0,0,0,0,0,0,0,0,0
741,85593f10-8e44-4553-b637-49668e81ba7b,2250,1,1,1,1,1,0,1,1,1,1,1,1,0,0,0
743,96c7bced-6618-4404-8c45-ca0c94da9cb5,450,1,0,1,1,1,1,0,0,0,0,0,0,0,0,0
744,746cbc7e-6f97-41ba-b9eb-a8e2de237c41,1350,1,0,1,1,1,2,0,0,0,0,0,0,1,0,0
745,5b077604-e92c-4267-a7dc-5ca26de65c48,2250,2,1,1,1,1,1,1,0,0,1,1,0,0,1,0
746,90401976-f486-4f3c-ae5b-f9d77e14e861,450,0,0,1,0,1,1,0,0,0,0,1,0,0,0,0
747,d38ada23-85cc-4af8-85f8-58f3bb4e6c89,2250,2,1,1,1,1,0,1,1,1,1,1,1,1,1,1
751,4cfb3a44-e126-4349-a2b4-051e706c7d2f,1350,0,0,1,0,1,2,0,0,0,0,0,0,0,0,0
753,ce7dba05-655c-440b-bb5b-031e92f03ff8,2250,0,0,1,0,1,0,0,0,0,0,0,0,0,0,0
754,66f1b3f4-0a51-419e-93b2-fcbfa01f7b4b,450,0,1,1,1,1,1,0,0,0,0,0,0,0,0,0
755,0a251006-696c-48b2-b660-edeab505ef63,450,0,1,1,0,1,2,1,1,0,1,1,0,0,0,0
758,cbda1476-d7d2-43ce-a333-51be7d181fe1,1350,0,1,0,0,1,0,0,0,0,0,0,0,0,0,0
760,534c4a9e-5b08-45e7-9d34-b24b0c6291fe,2250,0,1,0,0,1,1,0,0,0,0,0,1,0,0,1
762,0b00ce28-791a-4ac9-8944-7670979e4248,450,0,0,1,1,1,1,0,0,0,0,0,0,1,0,0
764,cad3dd67-1de7-4bb0-806b-4624071c2743,450,1,0,1,1,1,3,0,0,0,1,1,1,0,0,0
766,86886f55-1659-4acd-93fb-e6cd88526840,1350,1,0,1,0,1,2,0,0,0,0,0,0,0,0,0
773,70924fa9-b0f6-4ff7-980f-ef9f01700c2c,2250,1,1,1,0,1,1,0,0,1,1,0,1,0,1,1
775,d6127c6a-61e5-4505-a8d6-cd6399c64cb8,450,0,1,1,0,1,2,0,0,0,0,0,0,0,0,0
777,f9faf76f-9f21-49d0-9118-3aaaa36cc719,2250,0,0,1,0,1,2,0,0,0,0,0,0,0,0,0
778,46cabfe8-d5d1-4484-8f05-717f144c8ef0,2250,1,1,1,0,1,1,0,0,0,0,0,0,0,0,0
779,e0c78460-d8e4-4719-9ebd-d8cdb7e14025,2250,2,1,1,0,1,1,1,1,1,1,1,1,1,1,1
781,afc59ef0-b2a8-4f4d-9d16-f3f91a80e834,450,0,1,1,0,1,2,0,0,0,0,0,0,0,0,0
783,bcb284a0-d77f-48d4-b5dd-4212cbeb6457,2250,1,0,1,0,1,1,0,0,0,0,1,0,0,0,0
784,a6fab6ba-1211-40be-b7b8-23f7ed7a9e9f,450,0,0,0,0,1,1,0,0,0,0,0,0,0,0,0
786,7a208039-f40e-4f03-b73d-555ec9b23119,2250,1,1,1,1,1,1,0,0,0,0,0,0,1,1,0
787,72438d55-f3b2-4396-9535-ed24762cc522,1350,1,1,1,1,1,1,0,0,0,0,0,0,1,0,1
788,6ef4e868-debf-40b5-8ab2-575e7a11eecf,2250,1,1,1,0,1,2,1,0,0,1,1,0,0,0,0
789,c7d920fe-d139-4a64-bc64-e3f96f66d769,1350,2,1,1,1,1,1,1,1,1,1,1,1,1,1,1
790,873bb0f1-a08d-4aec-86b9-34fecefd9fed,450,0,0,1,0,1,3,0,0,0,0,0,0,0,0,0
792,564fbbe2-9676-4baa-916e-d08cb3d711aa,1350,1,0,1,0,1,3,0,0,0,1,1,1,0,0,0
793,aa15e2cd-0ed1-4a3a-8935-27e6cbd1e2da,1350,1,0,1,0,1,1,0,0,0,0,0,0,1,0,0
794,a2fac0d2-77ba-4808-b2d6-2b4153da3715,450,0,1,1,0,1,2,0,0,0,0,0,0,0,0,0
796,1406cfa9-9a7e-4525-9530-083e51ce0aa7,2250,0,0,2,0,0,1,0,0,0,0,0,0,0,0,0
797,99f27b94-5d30-4f9b-94f9-fdcacd27d25f,450,0,0,1,1,1,2,0,0,0,0,0,0,0,0,0
799,2c797e95-767e-4c9c-ae5e-ba88c8b259e8,2250,0,0,0,0,0,0,0,0,0,0,0,0,0,0,0
801,16802c19-4192-46b5-ace4-5dad795499dd,2250,0,1,0,0,1,3,0,0,0,0,0,0,0,0,0
803,2af549ad-088b-457b-8898-e142b51b8910,450,1,1,1,0,1,2,1,0,0,1,0,0,1,0,0
812,749436df-212b-4f74-b06a-da2a8a6467d1,450,0,0,0,0,1,2,0,0,0,0,0,0,0,0,0
813,d8b1a444-e62e-4b51-be6f-6d2aa0334cb3,1350,1,1,1,1,1,2,0,1,0,0,0,0,1,1,0
814,fcde9c55-6448-4ed9-91a3-ee93f8e9003f,1350,1,0,1,0,1,0,0,0,0,1,1,1,1,1,0
818,25f7ebfe-9bcb-4a6a-9a4b-18d48f202e2a,450,0,0,1,0,1,2,0,0,0,0,0,0,0,0,0
819,0a2bffca-9ac9-496a-8cc5-06c8a9684fbf,450,2,1,1,0,1,2,1,0,1,1,0,1,0,0,1
823,98121c47-d7e3-4fc0-8adb-65feaa13a851,1350,0,0,1,1,1,2,0,0,0,0,0,0,1,1,1
826,e3049bc0-1adc-407b-90dd-0c1662c29cf3,2250,0,0,1,0,1,1,0,1,0,0,1,1,0,0,0
827,7be9c6ef-d0f1-4824-8008-ed02de9f633f,1350,0,0,0,0,1,2,0,0,0,0,0,0,0,0,0
830,55675fe8-8274-4e25-aafd-94bd3f855ed6,2250,1,1,1,0,1,1,1,0,1,1,0,1,1,0,1
831,2e88cb3e-2051-4df8-955d-4db5c07f3b6b,2250,1,0,1,0,1,1,0,0,0,1,0,0,0,0,0
834,2575b0ac-2329-42ae-bbe7-504522601520,2250,0,0,1,0,1,0,0,0,0,0,0,0,0,0,0
836,3d4b678f-fcf9-477b-9300-c167c28f61d6,1350,0,1,1,1,1,1,0,0,0,1,0,0,0,0,0
838,a88904da-bdc5-4e99-94b4-19099474d0d3,450,0,0,1,0,1,2,0,0,0,0,0,0,0,0,0
839,d6aff163-cdaa-4fbd-92e1-525f0e59d9c5,2250,0,1,1,0,1,2,0,1,0,0,1,0,0,0,0
840,1912e757-91e7-4567-b2b2-39029ab4bd80,1350,0,0,1,0,1,1,0,0,0,0,1,0,0,1,1
841,5c3e88d9-5787-4130-a55e-b616823547a8,1350,0,0,0,0,1,2,0,0,0,0,0,0,0,0,0
844,fd91ad85-a818-4b79-bff0-2867ae283672,1350,0,0,1,0,1,2,0,0,0,0,0,0,0,0,0
845,67ea4ed7-6056-4258-a685-eedeaa7e7bff,2250,0,0,0,0,1,3,0,0,0,0,0,0,0,0,0
846,4ec624e6-3892-4476-9fec-b3be11201159,1350,0,0,0,0,1,2,0,0,0,0,0,0,0,0,0
849,535eca85-8e6b-4d98-9f8c-eec0d34e89dd,1350,1,0,1,0,1,2,1,0,0,1,1,0,0,0,0
853,7902bbad-1b6b-461d-baab-b1f3b6b8e76f,450,0,0,1,0,1,2,0,0,0,0,0,0,0,0,0
855,9656e7ab-d6b2-421e-8eaa-1807586e9bd8,450,0,0,0,0,1,2,0,0,0,0,0,0,0,0,0
856,33ffaaff-a2a5-497a-a533-9e0f52d95e32,450,0,0,0,0,1,2,0,0,0,0,0,0,0,0,0
859,9a785057-e2ab-44a6-9532-ffd59d37a617,2250,1,1,1,0,1,2,1,1,1,1,1,0,1,1,0
861,31de705a-747d-46d4-81f0-3ee2e2656db3,450,0,0,1,0,1,3,0,0,0,0,0,0,0,1,1
862,0f6e791d-ad96-4c9b-914b-93bc040ca048,450,2,0,1,1,1,2,0,0,0,0,0,0,1,0,0
863,7227eecc-fd15-4214-bb60-0793b9064fff,1350,1,1,1,0,1,2,0,1,0,1,1,1,0,0,0
865,0e3691e5-d789-42d0-aaf2-af733ed9241b,1350,0,1,1,0,1,1,0,0,0,0,0,0,0,0,0
866,b7fac83a-464d-4f08-bab6-623a0c693828,2250,1,1,1,0,1,1,1,1,1,1,1,1,0,0,0
869,d9759ee5-69d3-4856-a4a3-b2270082f9d0,2250,0,0,0,0,1,2,0,0,0,0,0,0,0,0,0
870,83a8f5ad-7fbf-43cd-a172-1581454f3f6f,1350,0,0,1,0,1,2,0,0,0,0,0,0,0,0,0
871,23a861ff-80c3-4e2c-8fa7-d5dffa03d489,450,0,0,1,0,1,2,0,0,0,0,0,0,0,0,0
872,7df17f69-fda3-4733-93a9-ab06683bc698,2250,0,0,1,0,1,1,0,0,0,0,0,0,0,0,0
873,45f2052c-5547-4136-b085-61ee1283153d,1350,0,1,1,0,1,2,0,0,0,0,1,0,0,0,0
879,207ce75d-2d7e-4f67-a09d-19cc44925fa2,1350,1,1,1,1,1,1,0,0,0,1,1,1,1,0,0
880,8f46e3df-a6f0-48dd-a437-e77c245cacb5,1350,1,1,1,0,1,2,1,0,1,1,1,0,0,1,0
881,25995e3e-2fc7-4bb7-9221-f6719200f325,450,1,1,1,0,1,2,1,0,0,1,0,1,1,0,0
882,f1aa8a0f-cf85-443b-a8b0-239fa54dbf63,1350,0,0,1,0,1,1,0,0,0,0,0,0,0,0,0
883,49457fe0-713f-4627-b5b9-ccc4fdeee1c1,450,1,1,1,0,1,3,0,0,0,1,1,0,0,0,0
884,a3b8d30f-eeb6-4b44-b814-df6803090281,1350,0,0,1,0,1,0,0,0,0,0,1,0,0,1,0
885,a0414d6f-fc4a-4a1f-ae39-106b75a9c001,2250,0,0,1,0,1,0,0,0,0,1,0,0,1,0,0
888,9e41f900-c13a-4805-b47f-538d55c39e3f,450,0,0,0,0,1,1,0,1,0,0,1,0,0,0,0
890,08f67711-257b-477e-bab7-813c4d78c0e4,450,0,1,1,0,1,2,1,1,1,1,1,1,0,1,0
892,a19ba926-35f3-4db0-97b6-13ff151d1359,1350,0,1,1,0,1,1,0,0,0,0,0,0,0,0,0
896,91be133f-875d-436f-af8b-0640649ecdf6,1350,2,1,1,0,1,2,1,0,0,1,1,0,0,1,0
897,bdc1223d-7fd5-49f6-965d-65f05d1d84dd,450,1,1,0,0,1,2,1,0,0,1,0,0,0,0,0
900,b899824d-d6d7-4936-81f8-e487ef9aa809,1350,0,0,0,0,0,1,0,0,0,0,0,0,0,0,0
907,05cf4a5b-41c7-458f-9610-60afa53e2594,1350,0,0,1,0,1,3,0,0,0,0,0,0,0,0,0
909,ec9936fb-76e0-49b2-9863-ac3278c8cf6e,2250,0,0,1,1,1,1,1,1,0,1,1,0,0,1,0
912,0292df36-cf87-4144-a649-0d901c0c3f4e,2250,1,0,1,0,1,1,1,1,1,1,1,1,0,1,0
917,8eb6fda2-9e7d-4c58-8dbe-dd7db6cfd490,2250,1,1,1,1,1,2,0,0,1,1,1,0,1,0,0
918,996e2ce9-6b06-43b9-81ad-3415dfb1e25c,450,0,1,1,0,1,2,0,1,0,0,0,0,0,0,0
919,09084afe-bc07-4bf8-aa9c-581742623585,1350,0,0,0,0,1,1,0,0,0,1,0,0,0,0,0
921,7c19c716-aa4c-423d-b390-a95aa4a26efe,450,0,0,1,0,1,2,0,0,0,0,0,0,0,0,0
923,7a464859-bba2-42f9-b1eb-a6b775a6930f,1350,0,0,1,0,1,1,0,1,1,1,1,1,0,1,0
924,61f7f45c-b960-4ac4-8a4c-bb8244662c94,450,0,0,0,0,1,2,0,0,0,0,0,0,0,0,0
925,5afa800a-8a6a-435c-90fe-ed7807c8bfe7,2250,1,0,1,0,1,2,0,0,0,1,1,0,0,0,0
927,3cc65e5e-e944-4409-a826-27d8a61caf2c,2250,1,0,1,0,1,1,0,0,0,0,1,1,0,0,0
932,75a76182-b005-4650-aedb-14caddf9443e,1350,0,0,1,0,1,2,0,0,0,0,0,0,0,0,0
933,b40945cd-5541-4fba-bd55-dff2b4ada5b7,450,0,0,1,0,1,2,0,1,0,0,1,0,0,1,0
940,4ef5cf7f-c086-4f16-83c3-ee73ca4065a2,1350,0,0,0,0,1,1,0,0,0,0,0,0,0,0,0
948,16c09d67-2cc5-4059-98b9-22efe3b12fcc,1350,0,1,1,0,1,2,0,0,0,0,0,0,0,0,0
949,20759dd1-ba78-4edf-ae7b-91208f3cc9b5,2250,1,1,1,0,1,1,1,1,0,1,0,0,1,0,0
951,2152233a-f796-4955-9376-b15a3fb5534c,2250,0,1,1,0,1,2,0,0,0,0,0,0,0,0,0
952,f1e10711-5c46-4566-b6f2-ac0ac791c617,2250,0,1,0,0,1,2,0,0,0,0,0,0,0,0,0
953,e8087860-31b4-43b0-bcd4-e1877930748b,450,0,1,1,0,1,3,0,0,0,0,0,0,0,0,0
954,27867c6f-ff3a-4675-91cb-ab5ca1734d99,2250,1,1,1,1,1,0,1,1,1,1,1,1,0,1,1
955,f4f4ab37-d47e-4926-a647-4cd39fcac568,450,0,0,1,0,1,0,0,0,0,0,0,0,0,0,0
958,575d2fb1-ef85-48a8-b7fb-40fedfa6b9df,2250,0,1,1,0,1,0,0,1,0,0,1,0,0,0,0
965,ea9a0699-b07f-4dca-9898-3747dbc3b254,2250,0,0,1,0,1,2,0,0,0,0,0,0,0,0,0
966,25c32fc5-bdb0-44e4-9c6a-f8ab85393823,2250,1,1,1,0,1,1,0,0,0,1,1,1,0,0,0
969,a9f362ab-14b3-44c7-b173-2b5740e9bce0,1350,0,0,1,0,1,2,0,0,0,0,0,0,0,0,0
974,a695038d-dad2-4951-86fa-89cd116bcb32,2250,1,1,1,1,1,2,0,1,0,1,1,1,0,1,0
976,77583387-d7e9-4018-b858-690c74ec807b,1350,0,0,0,0,1,2,0,0,0,0,0,0,0,0,0
981,b1891807-5677-48a2-9e0c-070a22938db8,450,1,0,1,0,0,1,0,0,0,0,1,0,1,0,0
982,d4e6a70f-00a3-4b19-a947-046e1d09f08f,450,0,0,1,1,1,1,0,0,0,0,0,0,1,1,0
988,b49a7463-f9c7-48f2-8afe-964bf857992c,2250,0,1,1,0,1,2,0,0,0,0,0,0,0,0,0
991,e7b0df2c-03aa-46cc-a027-3ec0a43b47f9,2250,0,0,0,0,1,1,0,0,0,0,0,0,0,0,0
994,1357f366-f1f5-4d80-8420-5764a6dde6d2,2250,0,0,1,0,1,1,0,0,0,0,0,0,0,0,0
996,a6fdf011-8217-45f3-a82c-47d364e6c9d9,450,1,0,1,0,1,1,0,0,0,1,1,1,0,0,0
998,cdd3474b-67b0-4f52-98ae-62d1478663f0,2250,1,1,1,0,1,3,0,0,0,0,0,0,0,0,0
999,0d86db76-6d4d-43ef-bcca-64dc014a8a4e,2250,0,0,1,0,1,1,0,0,0,0,0,0,0,0,0
1002,4123e2a8-86a8-484d-836c-56f6ed3b2173,2250,0,0,1,0,1,1,0,0,0,0,0,0,0,0,0
1004,3ca31378-bd5d-4c76-93af-dd032d038363,1350,0,0,0,0,1,1,0,0,0,0,0,0,0,0,0
1009,7582a5d9-fd96-44a5-9aa2-d602c7492ec1,2250,2,1,1,0,1,2,1,1,1,1,1,1,0,1,1
1012,99efe709-956f-438d-a70e-7403325670a9,450,0,0,0,0,0,1,0,0,0,0,0,0,0,0,0
1013,36957bbf-db43-4cee-b99e-b1e493a87479,1350,0,0,0,0,1,2,0,0,0,0,0,1,0,0,0
1015,ce8ce38d-c371-48b6-a3eb-218363590e94,450,0,0,1,0,1,2,0,0,0,0,0,0,0,0,0
1017,7103fcff-13ff-49e3-a3b2-14388f4754c9,2250,2,1,1,0,1,0,1,1,1,1,0,1,0,0,1
1020,4bf377a4-5b38-440b-9dcc-e28873555409,1350,1,0,1,1,1,2,0,0,0,0,1,1,1,1,1
1023,7a5d5774-1b04-4236-9e64-8e944fe060de,450,0,0,0,0,1,2,0,0,0,0,0,0,0,0,0
1025,d82cdb62-adba-4fa6-92a0-f7624e5a8a58,1350,0,0,1,0,1,1,0,0,0,0,0,0,0,0,0
1027,8b946fdd-7aaf-4778-8130-25507559baa4,1350,0,0,0,0,1,1,0,0,0,0,0,0,0,0,0
1031,ea2ebe3f-eabc-47ab-b48e-076b3e63376e,450,0,0,0,0,1,1,0,0,0,0,0,0,0,0,0
1032,1e2b4e17-2016-4779-aa2f-5c528c06e6a9,1350,1,1,1,0,1,2,0,1,1,1,1,1,0,0,0
1033,d74e17e2-79d6-4bb8-826f-4044541625fb,2250,1,1,1,0,1,2,1,0,1,1,0,1,0,0,0
1038,54e650f0-953d-4dc3-9e17-9e9e8bc82300,2250,1,0,1,0,1,2,0,0,0,0,0,0,0,0,0
1039,1ab9826d-c65c-4267-938d-6fdb85e61cc0,450,0,0,1,0,1,1,0,0,0,0,0,0,0,0,0
1040,180035c7-06dd-432d-b1de-e415672741a9,2250,0,0,0,0,1,1,0,0,0,0,0,0,0,0,0
1041,c0161ef2-984c-4f00-bfef-08ba78ef6d73,1350,2,0,1,0,1,1,0,0,0,0,1,0,0,0,0
1042,9fe967ff-7da8-416f-864b-7493c474247a,1350,1,1,1,1,1,2,1,1,1,1,1,1,1,1,0
1044,0cf12438-8ae3-4e90-96c5-473d57821bb4,1350,0,1,1,1,1,1,0,0,0,0,0,0,0,1,0
1045,9dfa85f2-7983-4b6a-b7ff-b8c3e3c82dd3,1350,0,0,0,1,1,1,0,0,0,0,0,0,0,0,0
1051,410c22d6-fef5-40de-b944-4e5d23c88763,450,2,1,1,0,1,2,0,0,1,1,1,1,1,1,1
1054,11c5921a-581b-4118-9985-a11b5b871a23,1350,2,1,1,0,1,2,0,0,0,0,1,0,0,0,0
1056,21622259-098e-4dfb-8a80-fef7630a19cc,2250,0,1,1,0,1,2,0,0,0,0,0,0,0,0,0
1057,e53ed249-1fd3-4990-afd9-42ffd4e93f4d,1350,0,1,1,2,1,3,0,0,0,0,0,0,0,0,0
1060,46f5f78d-a28b-4017-b2dc-6651c5f6c2d5,450,1,1,1,0,1,1,0,0,0,1,1,1,0,0,0
1061,c7d8ba3c-fddf-46bb-be3e-52bbe479eac9,450,1,1,1,0,1,2,0,0,0,0,0,0,0,0,0
1062,62d79b21-20fa-4fc1-afc6-1dfcd5a3d8fa,450,0,0,0,0,1,2,0,0,0,1,0,0,0,0,1
1065,9284beec-4540-41bb-b93d-893d4f7c4e12,2250,2,1,1,1,1,2,1,1,0,1,1,0,1,1,1
1069,9ce74760-4018-41e0-a86c-b12cad07e1c3,1350,1,0,1,0,1,1,0,0,0,1,1,0,0,0,0
1070,e63f7ec7-1495-4eba-89ab-0e093308ce01,2250,0,0,1,0,1,3,0,0,0,0,0,0,0,0,0
1071,e2a258e8-b0eb-4661-a668-7cffe3403bd4,450,0,0,0,0,1,2,0,0,0,0,0,0,0,0,0
1072,3bef7588-f9e8-4287-8793-751db93a2ca4,450,1,1,1,0,1,2,1,0,0,1,1,1,1,0,1
1073,25cd6ccf-4f2c-44c8-91db-3990d833d88e,2250,1,1,1,0,1,2,1,1,1,1,1,1,0,1,0
1076,c40e050c-9dbb-4e83-82e6-0a53d79a7591,2250,1,1,1,0,1,1,0,0,0,0,0,0,0,0,0
1077,1672d92f-bd91-4e40-8457-994258d9ff7c,450,0,0,0,0,1,3,0,0,0,0,0,0,0,0,0
1078,07a30a48-0e18-4a7d-b832-980d59c7bfc5,450,0,0,0,0,1,1,0,0,0,0,0,0,0,0,0
1081,d80e2615-2fbb-4557-a95a-301168a9298b,1350,0,0,1,0,1,1,0,0,0,0,0,0,0,0,0
1085,d418477c-26ee-411e-bbab-06727ab4a51d,1350,1,1,1,0,1,2,0,1,1,0,1,1,0,0,0
1089,730309e3-394f-423f-b68b-d2a01853618f,450,0,0,0,1,1,1,0,0,0,0,0,0,0,0,0
1091,52528c97-0078-42e6-abfa-1a1d4feeac00,2250,1,1,1,0,1,1,0,0,0,0,0,0,0,0,0
1097,f09ac878-c22a-491b-a162-d35a13ade289,1350,0,1,1,0,1,2,0,0,0,0,0,0,0,0,0
1102,5c86236b-2763-407f-bdfb-d1a181d8c0e2,450,0,0,0,0,1,2,0,0,0,0,0,0,0,0,0
1105,b3b91aeb-7b92-497f-8f5b-38bacc5a37d6,450,0,0,1,0,1,2,0,0,0,0,0,0,0,0,0
1106,88198ee3-7ea3-4dad-840b-12eab1a2a4ff,1350,1,1,1,0,1,2,1,1,0,0,1,0,0,0,0
1110,9d991272-bab0-492e-8435-86b06ec1a486,2250,0,1,1,0,1,1,0,0,0,0,0,0,1,0,1
1114,2d9f8072-6346-480e-a0e0-9c2c93be957a,450,0,0,0,0,1,1,0,0,0,0,0,0,0,0,0
1117,47a06aaa-61c7-451f-92af-a61e92c5f1ef,450,0,0,1,0,1,2,0,0,0,0,0,0,0,0,0
1119,c1cd498f-484d-427b-8249-f5aba50367bd,1350,1,1,1,0,1,1,0,1,0,1,1,1,0,0,0
1120,76db4667-b33d-46de-be2e-e6b91bddf8b2,1350,0,0,1,0,1,3,0,0,0,0,0,0,1,0,0
1123,2e19210c-a2d1-42c4-92cd-1be9d1018580,450,2,1,1,1,1,2,1,1,1,1,1,1,1,1,1
1127,59919e82-10a8-40b3-954d-4c347f15468d,1350,0,1,1,0,1,1,1,0,0,1,1,1,0,0,0
1128,2706d471-7e11-42e4-831d-17b7e28ba77c,2250,1,1,1,1,1,1,1,1,1,1,1,1,1,1,1
1129,494140da-4369-427b-a085-872264768e47,1350,0,0,1,0,1,2,0,0,0,0,0,0,0,0,0
1130,8e7c3748-6663-4a3d-9542-3f7c3d5db24c,450,1,1,1,1,1,1,1,0,0,1,0,0,0,0,0
1135,00c5452b-e1fb-4066-8402-8941daccafbe,450,0,1,1,1,1,1,0,0,0,0,0,0,1,0,0
1136,bc366e15-0b71-40cf-a944-a32c59d9d295,1350,0,1,1,0,1,2,0,0,0,0,0,0,0,0,0
1137,187db996-056a-426c-9d2c-5d0d6f39930d,2250,1,1,1,1,1,2,0,1,1,1,1,1,1,1,1
1140,27dc50b5-ca07-4e00-be17-48582b33eda4,450,0,0,0,1,1,1,0,0,0,0,0,1,1,0,0
1141,f7058dd4-75e9-44b6-bf40-9c188e0ba636,1350,3,1,1,0,1,1,1,0,1,1,1,1,0,0,0
1145,c2b2fe06-d227-42e5-aa4e-d67fde707f71,450,0,0,0,0,1,3,0,0,0,0,0,0,0,0,0
1147,e640a1da-0757-4036-9594-ebc0a0ef04c2,2250,0,0,0,0,1,2,0,0,0,0,0,0,0,0,0
1149,a14ea649-207f-454f-a720-f8f11fd3844b,2250,0,0,1,0,1,1,0,0,0,0,0,0,0,0,0
1154,62d5eddb-7d1e-4f12-be30-38ab1683b4d6,2250,1,1,1,0,1,1,0,0,0,0,0,1,1,0,1
1155,e1028097-bf0d-440e-ad74-5394aa3e2ecf,1350,1,0,1,0,1,3,0,1,0,0,1,0,0,0,0
1156,e9ad85e4-77d5-4d01-bf6c-dc34179a2d62,450,0,0,1,0,1,1,0,0,0,0,0,0,0,0,0
1157,bc5228c1-c5c1-4678-8191-1b85f607af48,2250,3,1,1,0,1,2,1,1,1,1,0,1,0,0,0
1158,89cba4c7-2088-41d7-910a-447565ccbef4,450,1,0,1,1,1,1,0,0,0,0,0,1,1,0,0
1162,55d88a48-a010-4d1c-b7f6-a63964dc84c7,2250,0,1,1,1,1,2,1,1,1,1,0,0,1,0,1
1163,168c6b6c-97ed-4738-93e2-150297c48ced,450,1,1,1,1,1,2,0,1,0,0,1,0,1,0,0
1164,03c7a488-e9ec-4567-86e4-12f4d9ec362f,450,0,1,1,0,1,1,0,0,0,0,0,0,0,0,0
1165,66614c19-8d0b-4f0f-ade3-1d712674af11,2250,0,0,1,0,1,2,0,1,0,0,1,0,0,1,0
1166,f36fc3b2-dcb8-4dea-bf36-12cd691868f3,450,0,0,1,0,1,0,0,0,0,0,0,0,0,0,0
1167,b62c286f-1bc9-4bc1-9f81-b7e78e7b1bdb,2250,1,1,0,0,1,2,0,0,0,0,0,0,1,1,0
1170,f567cf77-e927-4542-92ea-d292f53e6cb3,2250,0,0,1,0,1,2,0,0,0,0,0,0,0,0,0
1171,06b0d7c8-c936-4b1d-b336-4eb2aeaf91ec,1350,0,1,1,0,1,1,0,1,1,0,0,0,0,0,0
1172,807f4610-e398-426a-82a3-155762af52f6,450,0,0,0,0,1,1,0,0,0,0,0,0,0,0,0
1173,baee2297-5cf2-49c3-b0ef-83e8bf515a52,2250,0,0,0,0,1,1,0,0,0,0,0,0,0,1,0
1176,88a1a9f5-a80b-46a8-bd0c-ce5e64330596,450,1,0,1,0,1,0,0,0,0,0,0,1,0,0,0
1180,efd9654f-282f-49f6-a907-ad4fb584d759,450,1,1,1,1,1,1,1,0,0,1,0,0,0,1,1
1182,4593fa58-efb5-4153-b3e0-05f8877cd68d,1350,0,1,1,0,1,1,0,0,1,0,0,0,0,0,0
1184,d702a5a6-304b-421b-8893-a337a95ee0c2,2250,2,1,1,1,1,1,1,1,1,1,1,1,0,1,1
1185,c774c83e-9a67-410f-91b6-ca49ea8c0f88,1350,0,0,1,0,1,2,1,0,0,0,0,0,0,0,0
1188,4ced82cd-b3d4-4d84-b45a-6a1c02467acd,450,0,0,0,0,1,2,0,0,0,0,0,0,0,0,0
1189,6c00d456-34ef-43dd-8f5f-5bb90ad233e2,450,0,0,1,0,1,2,0,0,0,0,0,0,0,0,0
1191,77341374-5377-4186-bbca-823d50dcdbca,2250,0,0,0,0,1,1,0,0,0,0,0,0,0,0,0
1192,5d94ec6f-d2a7-4f5c-a825-73f822ef014f,2250,0,0,0,0,1,2,0,0,0,0,0,0,0,0,0
1193,36a098a8-8682-4ee6-a425-d5d4a44c91ed,1350,1,0,1,1,1,3,0,0,0,1,0,0,0,0,0
1196,0260c0e4-ad65-4e6e-81d0-63015d018461,2250,0,0,1,0,1,1,0,0,0,0,0,0,0,0,0
1197,42c6fdfa-e032-4b85-adb5-cedfd633de68,1350,0,0,0,0,0,0,0,0,0,0,0,0,0,0,0
1198,62365143-c77e-4903-aed2-829d508de4b5,2250,0,0,0,0,0,0,0,0,0,0,0,0,0,0,0
1201,81710a45-1d76-40f6-9fd3-4253e8bfc8c9,450,0,0,0,0,1,2,0,0,0,0,0,0,0,0,0
1204,90990e95-1ccd-4110-a48e-38f44d87c3fd,2250,0,0,0,0,1,2,0,0,0,0,0,0,0,0,0
1205,b0b0910d-9ae9-411d-a917-fc289458f310,1350,1,0,1,0,1,2,0,0,0,0,0,0,0,0,0
1207,372dda3a-dd0d-4954-8737-c0b36ed22653,2250,2,1,1,0,1,2,0,0,1,1,1,1,0,0,0
1210,70a653b7-288a-4110-a3b7-60b90bd634d0,2250,0,0,0,0,1,2,0,0,0,0,0,0,0,0,0
1212,7ecdbd7e-ed95-4091-a84f-ec06053f95bd,2250,0,0,0,0,1,1,0,0,0,0,0,0,0,0,0
1213,ab9dcd55-cfd8-46ca-acdf-5686bb0e0a26,450,0,0,0,0,1,1,0,0,0,0,0,0,0,0,0
1214,985bf171-4fd5-4786-a347-6d9e70c2ca21,450,0,0,1,0,1,1,0,0,0,0,0,0,0,0,0
1217,e1d38185-a128-4218-a48f-c5e4993a09d8,1350,2,1,1,0,1,2,0,0,0,0,0,1,1,0,1
1218,7931d965-f1a5-4dce-84b8-951b4aadc6b8,450,2,1,1,1,1,2,1,0,0,1,0,1,1,1,1
1224,153a494c-c1cf-4ad4-9d80-616019d06a8f,2250,1,1,1,0,1,2,0,0,1,1,1,1,0,0,1
1227,63684009-a745-4c58-89f0-dcd2efaf2642,2250,1,1,1,0,1,1,1,0,0,1,0,0,0,0,0
1236,b8830a75-94fb-475b-a3a6-24e7691bcf22,1350,0,0,1,0,1,3,0,0,0,1,0,0,0,0,0
1238,900a35db-0008-4421-9d45-1c5d15e86fd4,450,0,0,1,0,1,2,0,0,0,0,0,0,0,0,0
1239,983a5435-d553-42f7-b50f-c864b75ddef8,1350,1,0,1,2,1,1,0,0,0,0,0,0,0,1,1
1242,af68cc04-2779-4e49-9445-73d1f149d1f3,450,0,0,0,0,1,1,0,0,0,0,0,0,0,0,0
1245,0f2464cc-896f-4f67-bab8-ce30dd959e54,450,0,0,1,0,1,2,0,0,0,0,0,0,0,0,0
1252,10f4d941-bfd8-4ff3-9509-52e86a1155ba,450,1,1,1,0,1,2,0,1,1,0,1,1,0,0,1
1254,fb8e54dd-76e3-41cd-b380-c82746b71777,1350,0,0,1,0,1,1,0,0,0,0,0,0,0,0,0
1259,cca999b8-ba7d-4a1c-a139-73871314ea3e,2250,1,0,1,0,1,0,0,0,0,0,1,1,0,1,1
1260,db12b83e-73fa-4c33-9cc0-8f96869d45c5,450,1,1,1,0,1,0,1,1,1,1,1,1,1,1,1
1262,2a6e9df6-ba8e-4d9d-94c7-c191e6c11367,450,0,0,0,0,1,0,0,0,0,0,0,0,0,0,0
1263,d66cbe96-aec3-4eca-bf28-cb63cbeeadef,2250,1,1,1,0,1,1,1,1,1,0,1,0,0,0,0
1264,216ca2c0-f08c-4fe8-a7df-92f6873ae3ab,1350,0,1,1,0,1,3,0,0,0,0,0,0,0,0,0
1267,acd9a20d-f1fd-4b02-bc53-5ce57fc79be2,450,0,0,1,0,1,2,0,0,0,0,1,0,0,1,0
1268,23198b07-a2cb-42f3-85fa-d2891af1602f,2250,2,1,1,1,1,2,1,0,0,1,1,1,1,1,0
1269,63cc8821-e30b-4bb0-8dce-9de5feac3d2b,1350,0,0,0,0,1,1,0,0,0,0,0,0,0,0,0
1270,cc88a273-671d-436d-9d0d-598ec8395cd4,2250,0,1,1,0,1,3,0,0,1,0,0,1,0,0,0
1272,4a2e65c1-c94c-4bf6-9ce4-8e84bfa4fbf0,450,1,1,1,0,1,1,0,0,1,0,0,1,0,0,1
1273,b353b0d7-207f-4c05-8e95-82d6645c2f38,2250,1,1,1,0,1,2,0,1,0,1,1,0,0,0,0
1274,12d4599d-2255-4da3-a27f-f5acdb68675d,1350,0,0,1,0,1,4,0,0,0,0,0,0,0,0,0
1276,b5880536-c821-4dbe-8124-27150f86df29,2250,0,0,1,0,1,2,0,0,0,0,0,0,0,0,0
1277,efa645c6-b79d-44bd-b4ae-946eb942ad25,450,1,1,1,0,1,1,1,0,0,1,1,1,0,0,1
1278,1545bd25-b45c-4d92-92c7-22bd5efe87c6,450,0,1,1,0,1,2,0,0,0,0,0,0,0,0,0
1279,00371a60-3206-40aa-862c-43826769e962,2250,1,0,1,0,1,2,0,0,0,0,0,0,0,0,0
1282,74d38225-28ed-40e3-8f25-ff5cd3baa6e8,2250,0,0,0,0,1,2,0,0,0,0,0,0,0,0,0
1285,8a785bcb-3ccd-459b-af20-f5e4859996e4,2250,2,1,1,0,1,2,1,0,0,1,1,0,0,0,0
1287,44df7e21-14d5-411e-a125-7de6d1fa61e8,2250,0,0,1,0,1,0,0,0,0,0,1,0,0,0,0
1289,7aacf762-fa96-46f6-bf70-fbfc660ed2e0,1350,1,1,1,0,1,1,1,0,0,1,1,1,1,0,0
1291,18bf467b-c7db-4679-b64f-8270d2ff0723,450,0,1,1,0,1,2,1,0,0,0,1,0,0,0,0
1293,c3ac7d21-537e-4054-96b0-fe78561768b8,1350,0,0,0,0,1,1,0,0,0,0,0,0,0,0,0
1294,cea57f45-8f13-4689-a3e6-1389bf10c6e3,450,1,0,1,0,1,1,1,0,0,1,1,1,0,0,0
1295,58dc969d-421c-4420-8e02-377e2ccf0c3b,2250,0,0,1,0,1,2,1,0,0,1,0,0,0,0,0
1297,dacbe72b-9566-45dd-9e42-d00386872448,450,1,0,1,0,1,1,0,0,0,0,0,0,0,0,0
1300,53c278e9-84b3-45a8-ad9e-175569747b9a,1350,0,0,1,0,1,1,0,0,0,0,0,0,0,0,0
1302,1740583a-282b-4dfe-956c-8e0f9f55a2d7,450,0,0,0,0,1,1,0,0,0,0,0,0,0,0,0
1305,2626baa4-afda-48a2-a5be-5185ea5f042e,450,0,1,1,0,1,1,0,1,0,1,1,0,0,0,0
1306,c1e85ade-6359-4f7f-8339-57511c57a016,450,0,0,1,0,1,1,0,0,0,0,0,0,0,0,0
1307,b5e98834-7906-4627-9118-ef12b23faa19,1350,0,0,0,0,1,2,0,0,0,0,0,0,0,0,0
1310,4d19ac41-3aaf-426b-b1b5-2f8c992da922,1350,0,0,0,0,1,2,0,0,0,0,0,0,0,0,0
1311,67a43148-ecfa-4af0-ad37-148ad3fc9696,450,1,1,1,1,1,2,0,0,0,1,1,0,0,0,0
1315,99eb0e6e-fb4d-470b-854f-f60488825353,2250,2,1,1,1,1,3,1,1,1,1,1,1,1,1,1
1321,a1b3d4d0-f0e3-48a1-9f14-932005cd02dd,2250,1,1,1,0,1,1,1,1,1,1,1,1,0,0,1
1322,b7307bbb-6400-47be-8dec-510d156a1150,1350,2,1,0,0,1,2,0,0,0,0,0,0,0,0,0
1324,79d95704-cc23-439d-b128-ac3102af5ab5,1350,0,0,0,0,1,3,0,0,0,0,0,0,0,0,0
1325,66ce9e47-3034-4f98-a064-e3c466b73a20,2250,2,0,1,1,1,1,1,1,1,1,1,1,0,1,1
1327,1fd6f95b-0869-4ef8-8c89-7df57c23ef5a,1350,1,1,1,0,1,1,0,0,0,0,1,0,0,0,0
1331,a401b576-319b-4049-9350-224e15ca75e4,1350,0,0,1,0,1,2,0,0,0,0,0,0,0,0,0
1332,51604a9d-2cd8-477f-ad53-798ab8a45f79,2250,0,0,1,0,1,1,1,0,0,0,0,0,0,0,0
1333,2b6a45e4-e293-4a12-afc7-cd97b0395013,2250,0,0,0,0,1,1,0,0,0,0,0,0,0,0,0
1335,34319369-7f86-42d6-8708-f1bf650fa6a3,450,0,1,1,0,1,1,0,0,0,0,0,0,0,0,0
1336,456927af-dff1-4dd1-a649-30c65ecb1c46,1350,0,0,1,0,2,1,0,0,1,0,0,1,0,0,0
1337,95c5fcfb-af28-4579-bf62-f1aa6c0a119d,450,0,0,0,0,1,1,0,0,0,0,0,0,0,0,0
1339,d8465b4f-22d6-4ee4-8e2f-63e0101c6b8d,2250,1,0,1,0,1,0,0,0,0,0,0,0,0,0,0
1340,2dfd6fb9-a7d3-4bd6-b542-dac7be222ac0,1350,0,1,1,0,1,2,0,0,0,0,0,0,0,0,0
1342,60e34360-2dc3-414c-9611-c803241d5458,2250,0,0,1,0,1,1,0,0,0,0,0,0,0,0,0
1345,04d9964c-5e81-4fe7-881c-d3dd60cfb690,450,0,0,0,0,1,2,0,0,0,0,0,0,0,0,0
1346,ca768af7-9f67-4fd6-86b5-9deefc9929ee,1350,1,1,1,0,1,2,0,0,0,0,0,0,0,0,0
1347,c6ffcb76-4066-43ef-a315-c6ee5cf0d32f,450,0,0,0,0,1,2,0,0,0,0,0,0,0,0,0
1351,e110c58c-6236-4989-aa38-e8a364144ca5,2250,2,0,1,1,1,1,1,1,0,1,1,1,1,1,0
1354,c3ad9bf8-ad54-4c71-8d5f-2fca55260760,2250,0,0,0,0,1,2,0,0,0,0,0,0,0,0,0
1356,2a21c9a6-2c19-4a77-8528-b6b46f9a5880,1350,1,1,1,0,1,1,0,1,0,1,1,1,0,0,0
1357,6049780c-7a2b-4959-bb8b-36f6f996f071,2250,0,0,1,0,1,1,0,0,0,0,0,1,0,0,0
1358,c5e9a333-ba47-42d6-b926-ecabe1460f72,1350,0,0,0,0,1,3,0,0,0,0,0,0,0,0,0
1359,2cb54b9c-4577-4f75-b3bf-9a2ff5c5b1b9,450,2,0,1,0,1,1,0,0,0,0,0,0,0,0,0
1360,0f062601-a932-4dca-b37e-629f8d738957,2250,2,1,1,0,1,2,1,0,0,1,1,0,0,0,0
1362,a28a0b7b-0b89-4a3d-b61e-fe9be46e345a,450,1,0,0,0,1,2,0,0,0,1,1,0,0,0,0
1363,49058b11-54ab-4b64-9ea8-49d843723941,450,0,0,1,0,1,1,0,0,0,0,0,0,0,0,0
1364,2de014d3-e61e-4da1-be5f-475bf7f3d182,1350,0,0,0,0,1,1,0,0,0,0,0,0,0,0,0
1366,18a52e07-9b26-4e9f-821f-f9702fe235a4,450,1,0,1,0,1,1,0,0,0,0,1,0,0,1,0
1367,7515fe43-a70a-4de3-909e-09940eaed6e7,450,0,1,1,0,1,0,0,0,0,0,0,0,0,0,0
1368,43d817d9-b262-4e2d-8223-097ee7937023,1350,0,0,0,0,2,1,0,0,0,0,0,0,0,0,0
1369,635e39de-5edc-4f3d-b22d-9b43133ad4a4,2250,1,1,1,0,1,2,0,0,0,0,0,0,0,0,0
1373,160c0b7f-ac58-4f77-b53f-24673d5e9cf3,1350,0,0,1,0,1,2,0,0,0,0,0,0,0,1,0
1376,4679ef41-951f-4f2c-aa0e-1f1669098b36,1350,0,0,1,0,1,2,0,0,0,0,0,0,0,0,0
1377,f1ddfcda-c62e-4289-bf49-81e7d2b4ab89,1350,0,0,1,0,1,2,0,0,0,0,0,0,0,0,0
1378,024e5eee-3a7b-484d-ab29-d2944d781795,450,1,1,1,0,1,1,0,1,1,1,1,1,0,0,1
1379,d65a34ef-47e0-4ecc-bb22-1f28286c5f4b,1350,1,1,1,0,1,1,1,0,0,1,0,0,0,0,0
1380,1c67eeeb-709c-4a66-b725-2caf98bc7249,1350,0,0,0,0,1,2,0,0,0,0,0,0,0,0,0
1382,d127d86d-1a57-43ca-b637-6e9087753b5f,1350,1,0,1,0,1,0,0,0,0,1,1,0,0,0,0
1383,b190aaba-37ac-4bde-96e9-97ed33fc04c4,1350,0,1,0,0,1,2,0,0,0,0,0,0,0,0,0
1384,4425679a-bd41-4199-9913-de30572ce6d4,1350,0,0,0,0,1,2,0,0,0,0,0,0,0,0,0
1387,701a8013-862c-4f04-992b-e8b703c6e542,2250,1,0,1,1,1,0,0,0,0,1,1,1,1,1,1
1388,bf989229-540a-47b8-8332-3336438645ba,1350,0,0,0,0,1,1,0,0,0,0,0,0,0,0,0
1389,f0c5ff34-629f-46e2-b53d-4a3011e25d76,450,1,0,1,0,1,2,0,0,0,1,1,0,0,0,0
1390,643d9990-eb3c-459d-889b-90ebc5b3d199,1350,2,1,1,0,1,2,1,1,1,1,1,1,1,1,1
1392,33d43af2-5237-430a-8360-22b06834ff03,450,0,0,1,0,1,2,0,0,0,0,0,0,0,0,0
1394,6266571b-0b0a-44a1-9779-43c2fc7741d2,1350,0,0,1,0,1,2,0,0,0,0,0,0,0,0,0
1397,4ab354e8-d73d-4ed0-92bf-157520182643,2250,1,0,1,1,1,1,0,1,0,1,1,1,1,1,1
1398,7ba7d2a3-64ad-472e-8692-c42c3a32b549,2250,0,1,1,0,1,2,0,0,1,0,0,0,0,0,0
1399,723ea3c3-e71d-4870-b996-93b3824b1928,1350,1,1,1,0,1,1,0,0,0,1,1,1,0,0,0
1400,b3facb6e-c6ef-4063-8e73-c1e0568400aa,2250,0,0,1,0,1,3,0,0,0,0,0,0,0,0,0
1406,f690017d-4d37-4104-824e-baf34535c02e,450,1,0,1,0,1,2,0,0,0,1,0,1,0,0,0
1407,15cd2f9a-71f3-48b6-b02c-7f0e0fcd721b,1350,1,1,1,0,1,1,0,0,0,1,1,0,1,1,1
1408,2a9c81a4-521c-41bb-a7e0-e2b5286a9385,450,0,0,1,0,1,1,0,0,0,0,0,0,0,0,0
1409,b0ea9c01-775a-4cbc-aff1-61fcff1be096,2250,2,1,1,0,1,1,1,1,1,1,1,1,1,1,0
1416,93e5fb54-3ca5-4753-94b6-743575b28c94,2250,0,0,0,0,1,1,0,0,0,0,0,0,0,0,0
1417,9f9fa6fc-a344-4aa7-886a-b715819744d4,1350,0,0,1,0,1,1,0,0,0,0,0,0,0,0,0
1421,5c6239c1-7050-4fac-98b0-e23f34326610,1350,0,0,0,0,1,2,0,0,0,0,0,0,0,0,0
1424,2feb5f74-4c1e-4b70-8a26-cea61fdcf94f,1350,1,0,1,0,1,1,1,0,0,0,0,0,0,0,0
1429,9e56f11d-9e84-4511-86ae-cce0a603990a,450,0,0,0,0,0,1,0,0,0,0,0,0,0,0,0
1432,00ebab27-5c60-48c2-b16f-a345694d903a,2250,0,1,1,0,1,2,0,0,0,0,0,0,0,0,0
1441,72a722e2-3f4c-485a-886e-99cdf374af41,450,1,0,0,0,1,1,0,0,0,0,0,0,0,0,0
1444,25024e78-3341-4417-8077-249fe025a4a9,1350,0,0,0,0,1,1,0,0,0,0,0,0,1,0,0
1445,0ac4ee52-089a-403b-8970-fb4e80987a2b,450,0,0,1,0,1,1,0,0,0,0,0,0,0,0,0
1448,27eb52f0-5ddf-4c9c-8ce5-31af063a58d4,2250,0,1,0,0,1,3,0,0,0,0,0,0,0,0,0
1450,5d7ae6ca-e7a7-4314-ad96-5fe4a20d5f80,450,0,0,0,1,1,3,0,0,0,0,0,0,0,0,0
1451,4dc21022-a102-4cd6-a57f-602ec205b546,450,2,1,1,0,1,2,0,1,0,1,1,1,0,0,0
1458,2d8816f2-c6fe-4fb7-82c0-c26293dc57bc,2250,2,2,1,0,1,1,0,1,0,0,1,0,0,0,0
1465,239a56cf-eb2d-4ce2-94fb-a9b33288b76d,450,0,0,1,0,1,1,0,0,0,0,0,0,0,0,0
1468,3739629b-82cd-4ff6-a9c6-da65d02c40ee,2250,0,1,1,0,1,0,0,0,0,0,0,0,0,0,0
1472,1a1c21eb-0061-43f2-bf4c-3b57a3cefaa0,1350,1,1,1,0,1,2,0,0,1,1,1,1,0,0,0
1473,0da260f2-3e28-4327-8e38-5fc173a68120,1350,1,0,1,0,1,2,0,0,0,0,0,0,0,0,1
1474,ee028894-e134-4387-a03b-c850616fb298,1350,0,0,0,0,1,2,0,0,0,0,0,0,0,0,0
1477,1fe258ed-70a5-4068-b298-09ed60d731e6,1350,1,1,1,0,1,1,0,1,1,0,0,0,0,0,1
1479,2b6c3253-3124-4895-b8c0-fc5cea6cd5f0,450,0,0,0,0,1,2,0,0,0,0,0,1,1,1,0
1481,0c6e2b45-dfa1-4c82-a25b-97812978d95c,2250,0,0,1,0,0,1,0,0,0,0,0,0,0,0,0
1484,4bf3def0-6c9e-464e-9a62-88ae99518cfa,450,0,0,1,0,1,3,0,0,0,0,0,0,0,0,0
1486,2fdd7a06-89c6-4516-b81a-b288115c222b,2250,0,0,0,0,0,2,0,0,0,0,0,0,0,0,0
1490,243c8a48-b11f-4a7e-80b7-6778944833ce,450,0,1,1,0,1,1,1,0,0,0,0,1,0,1,1
1491,1c39b144-78f7-43fb-b939-c91b0349c9a7,2250,1,0,1,1,1,2,0,0,1,1,1,1,0,0,0
1492,0ded8227-b140-4484-88eb-c81fe7e089e5,1350,1,1,1,0,1,2,0,1,1,0,1,1,0,0,0
1493,a7c3200a-7b0a-4a40-9dc2-278622204b70,1350,0,0,1,0,1,1,0,0,0,0,0,0,0,0,0
1496,c6dd7e67-1606-49a4-a144-33e156302674,450,0,0,1,0,1,4,0,0,0,0,0,0,0,0,0
1497,46c8a7c1-77bf-4201-8d2b-afb900cdd9e7,1350,0,0,1,0,1,1,0,0,0,0,0,0,0,0,0
1498,4ca2827d-2cae-4d6e-bf91-24f7f43e2ac6,2250,1,1,1,0,1,2,1,1,1,1,1,1,0,1,1
1501,158295ec-edb3-4ea3-aeaa-5c5d05aa2256,2250,1,1,1,1,1,0,1,1,1,1,1,1,1,1,1
1502,8f38266f-fd23-4999-9f64-f0608f8012e2,2250,1,1,1,0,1,2,0,0,0,0,0,0,0,0,0
1503,305a2bb6-8667-44c0-be16-693ef5eff5f9,1350,0,0,0,0,1,1,0,0,0,0,0,0,0,0,0
1504,f7ccebd8-8d1e-4911-869f-5f420f3463d1,450,1,0,1,0,1,3,0,0,0,0,0,0,1,0,0
1505,d90adaf6-8899-4b07-ac2d-7db81253697b,450,0,0,1,0,1,2,0,0,0,0,0,0,0,0,0
1506,5dda9404-00cc-4e7b-a981-a2fbb85b788c,2250,0,0,0,0,1,2,0,0,0,1,0,0,0,0,0
1508,91ac576e-88e8-4d39-9133-23b13ee21b6b,1350,0,0,1,0,1,2,0,0,0,0,0,0,0,0,0
1513,a940fa71-dbaa-4959-a432-b7f3146070d6,450,1,1,1,0,1,2,0,0,0,1,1,0,0,0,0
1516,7c3c9a56-20e4-431b-9024-c79df02d0138,450,0,0,0,0,1,2,0,0,0,0,0,0,0,0,0
1523,a5db9a09-d535-433f-b909-7f9d50fde688,1350,0,0,0,2,2,2,0,0,0,0,0,0,1,1,1
1524,8aefc862-a8d1-4f11-b2bf-9f0ffbd7465d,1350,0,1,1,0,1,2,0,0,0,0,0,0,0,0,0
1528,55986f1b-f509-4f55-a0ed-3d0a40b20ba9,450,0,0,1,0,1,2,0,0,0,0,0,0,0,0,0
1530,719ecca4-cb64-4879-a571-205a5c13412c,2250,0,0,1,0,1,1,0,0,0,0,0,0,0,0,0
1533,58e4e487-6e24-450e-8532-23951013f407,450,0,0,1,0,1,2,0,0,0,0,0,0,0,0,0
1537,929a6c5c-840d-4610-b8dd-46ee0fcdc96b,450,0,1,1,0,1,2,0,0,0,0,0,1,0,0,0
1538,dcdf213a-adb2-4ee3-b6d1-e09b672f0b8f,1350,0,0,0,0,1,2,0,0,0,0,0,0,0,0,0
1539,9ff4b303-1fef-48bc-bffc-1d4dd40fd9e2,450,0,1,1,0,1,0,1,0,0,1,0,0,1,0,1
1542,88a65f10-601a-40b0-8967-3842fc7f2372,2250,2,1,1,0,1,1,0,1,1,1,1,1,0,0,0
1543,d21989f4-339b-469b-a205-dde4272b232f,1350,0,0,1,0,1,2,0,0,0,0,0,0,0,0,0
1548,e2ff68dc-1e14-4d63-9072-0431214ccd4a,2250,1,1,1,0,1,2,0,0,0,0,0,0,0,0,0
1551,69692f99-f2b7-41f7-a754-404215ff52d1,450,0,0,0,0,1,2,0,0,0,0,0,0,0,0,0
1559,93500f35-652a-4a81-9ab8-88ad5ef6b530,2250,0,0,1,0,1,1,0,0,0,1,0,1,0,0,0
1562,a8faa72e-cea5-4fb2-ad4e-a03f97e6a894,1350,1,1,1,0,1,2,1,1,1,1,1,1,1,1,0
1563,d8f61da8-af6d-4bfa-99ac-d31b359f9817,450,0,0,1,0,1,1,0,0,0,0,0,0,0,1,0
1565,62cd96a6-b312-4bd8-8fa2-0824ea3700e1,450,0,0,1,1,1,1,0,0,0,1,0,0,0,0,1
1570,472a3ead-3873-4b82-9d35-9f2085916a26,450,0,0,1,0,1,2,0,1,0,0,1,0,0,0,0
1573,54bbb201-1faa-4018-8715-1a99566f53e7,2250,0,0,1,1,1,1,0,0,0,0,0,0,1,0,1
1574,aeb2f3b7-e2a3-4c1b-8175-d31791034acb,1350,1,0,1,1,1,2,0,0,0,0,0,1,1,1,1
1579,2550f92b-2d86-45ff-bc45-e61d4c17918e,2250,0,1,1,0,1,3,0,1,0,0,1,0,0,0,0
1580,84d4ec35-0305-4ec8-a627-1e2353d06c48,450,0,0,1,0,1,1,0,0,0,0,0,0,0,0,0
1583,483e44ec-ff35-477e-837b-ef4d4d92d9f0,2250,1,1,1,0,1,3,1,1,1,1,1,1,1,1,1
1584,5383f43e-b7cd-480e-9ada-6b20ac802366,2250,0,1,1,0,1,1,0,0,1,0,0,1,0,0,0
1585,00d7995a-9c02-4ae6-a40d-fcdaab12b08d,2250,1,1,1,0,1,0,0,0,0,0,1,0,0,0,1
1586,bc0853b5-bf65-43d6-bcab-ab666454f17d,450,1,0,1,0,1,1,0,0,0,1,1,0,0,0,0
1587,afc3faa4-5399-4a4d-8423-6a9c18a07304,1350,0,0,0,0,1,2,0,0,0,0,0,0,0,0,0
1591,0ee1b032-d7a1-43ca-a09a-932d5bdd1e88,2250,0,1,1,0,1,1,0,1,0,0,0,0,0,0,0
1593,0974f830-5596-42f2-9687-9710c13538df,2250,0,1,1,0,1,3,0,0,0,0,0,0,0,0,0
1594,f92fc64b-0257-4c7b-9815-ac3f90158f43,1350,1,1,1,0,1,2,0,1,0,0,1,0,0,0,0
1596,7e7bab0e-a12c-4bb5-ab7f-5f7527809370,2250,0,0,1,0,1,2,0,0,0,0,0,0,0,0,0
